,use
2016-01-01 21:18:58,7.365633333
2016-01-01 21:19:58,1.882033333
2016-01-02 18:34:58,6.914733333
2016-01-02 18:35:58,3.731433333
2016-01-02 18:39:58,5.388933333
2016-01-02 19:08:58,7.09425
2016-01-02 19:09:58,1.788766667
2016-01-02 20:46:58,1.84665
2016-01-03 15:32:58,5.19115
2016-01-03 15:50:58,4.71615
2016-01-08 18:29:58,7.378916667
2016-01-08 18:30:58,4.504966667
2016-01-08 19:47:58,5.7832
2016-01-10 13:34:58,4.20575
2016-01-14 15:07:58,5.82955
2016-01-14 15:08:58,1.478816667
2016-01-23 15:19:58,7.854933333
2016-01-23 15:20:58,3.46195
2016-01-24 20:36:58,1.9927
2016-01-24 20:41:58,7.203966667
2016-01-24 20:42:58,1.936483333
2016-01-24 20:49:58,1.97485
2016-01-24 20:51:58,7.108733333
2016-01-24 20:52:58,3.328333333
2016-01-24 20:58:58,6.658733333
2016-01-24 20:59:58,1.808666667
2016-01-24 21:14:58,1.869583333
2016-01-26 20:25:58,4.181183333
2016-01-26 21:03:58,7.023683333
2016-01-26 21:04:58,3.30745
2016-01-26 22:00:58,7.1036
2016-01-26 22:01:58,3.3507
2016-01-26 22:03:58,6.82215
2016-01-26 22:04:58,3.763716667
2016-01-26 22:09:58,5.809833333
2016-01-26 22:10:58,1.216383333
2016-01-28 00:00:58,2.37925
2016-02-08 00:56:58,1.093216667
2016-02-08 21:43:58,5.87255
2016-02-09 20:49:58,7.5218
2016-02-09 20:51:58,1.839233333
2016-02-15 22:46:58,5.98865
2016-02-18 04:38:58,6.361416667
2016-02-18 04:39:58,1.006683333
2016-02-20 15:17:58,6.928383333
2016-02-20 15:18:58,1.192966667
2016-02-20 19:44:58,5.13135
2016-02-20 19:45:58,0.6537
2016-02-20 20:30:58,6.614266667
2016-02-20 20:32:58,0.9251
2016-02-20 20:44:58,4.2044
2016-02-20 20:46:58,2.398533333
2016-02-20 20:49:58,3.69165
2016-02-20 20:51:58,1.024883333
2016-02-20 20:58:58,5.852
2016-02-20 20:59:58,3.17175
2016-02-20 21:02:58,5.990216667
2016-02-20 21:03:58,1.5926
2016-02-20 21:11:58,1.0649
2016-02-20 21:13:58,5.356483333
2016-02-21 15:59:58,3.661633333
2016-02-21 16:01:58,1.161183333
2016-02-21 16:09:58,5.765366667
2016-02-22 23:20:58,5.4206
2016-02-24 09:00:58,4.834816667
2016-02-26 23:47:58,6.106516667
2016-02-27 19:45:58,6.47815
2016-02-27 19:46:58,1.463733333
2016-02-29 22:08:58,4.402883333
2016-03-07 22:15:58,2.00285
2016-03-07 22:18:58,4.7391
2016-03-13 14:04:58,5.239816667
2016-03-13 17:12:58,3.777766667
2016-03-26 17:00:58,0.303133333
2016-03-26 19:48:58,4.573583333
2016-03-26 20:13:58,4.438366667
2016-03-27 19:10:58,6.838433333
2016-03-27 19:11:58,0.853383333
2016-03-30 13:05:58,7.237933333
2016-03-30 13:06:58,2.43115
2016-03-31 19:07:58,6.067066667
2016-03-31 19:24:58,6.105383333
2016-03-31 19:26:58,1.072733333
2016-03-31 19:30:58,6.052933333
2016-03-31 19:31:58,1.149033333
2016-03-31 19:40:58,4.068983333
2016-03-31 19:46:58,3.344033333
2016-03-31 19:58:58,4.597866667
2016-03-31 20:00:58,0.423983333
2016-03-31 20:07:58,5.685616667
2016-03-31 20:08:58,3.043383333
2016-03-31 20:12:58,3.58515
2016-03-31 20:18:58,0.59395
2016-03-31 20:19:58,4.25405
2016-03-31 20:21:58,0.559833333
2016-04-02 13:40:58,0.586166667
2016-04-02 18:36:58,3.208116667
2016-04-03 21:53:58,5.339533333
2016-04-03 21:55:58,2.373166667
2016-04-09 20:44:58,5.200083333
2016-04-09 21:23:58,5.055133333
2016-04-09 21:24:58,2.0247
2016-04-09 22:41:58,4.704216667
2016-04-10 13:29:58,6.333916667
2016-04-10 13:30:58,0.503616667
2016-04-10 13:39:58,6.0097
2016-04-10 13:40:58,0.956916667
2016-04-10 13:47:58,6.192633333
2016-04-10 13:48:58,2.569433333
2016-04-10 13:59:58,6.690366667
2016-04-10 14:00:58,3.391333333
2016-04-10 14:04:58,0.700066667
2016-04-11 19:33:58,6.97755
2016-04-11 19:35:58,0.665266667
2016-04-11 19:56:58,6.195633333
2016-04-11 19:57:58,0.686783333
2016-04-11 20:11:58,4.164283333
2016-04-11 20:13:58,0.77735
2016-04-11 20:25:58,6.0115
2016-04-11 20:49:58,6.308383333
2016-04-11 20:50:58,1.198466667
2016-04-11 21:02:58,5.458633333
2016-04-11 21:46:58,5.097983333
2016-04-11 21:48:58,1.540766667
2016-04-12 15:36:58,0.64385
2016-04-14 15:53:58,0.24845
2016-04-15 05:55:58,5.920933333
2016-04-15 05:56:58,0.329883333
2016-04-19 14:16:58,3.605983333
2016-04-22 18:57:58,6.006283333
2016-04-22 18:58:58,0.69655
2016-04-22 19:13:58,4.707533333
2016-04-22 20:02:58,4.898366667
2016-04-25 13:44:58,3.345083333
2016-04-25 21:12:58,1.083866667
2016-04-25 21:20:58,7.6606
2016-04-25 21:28:58,11.6737
2016-04-25 21:29:58,7.63185
2016-04-25 23:48:58,4.902
2016-04-27 13:06:58,6.312716667
2016-04-27 13:07:58,2.113766667
2016-04-29 18:26:58,6.461933333
2016-04-29 18:27:58,1.003683333
2016-04-29 18:43:58,6.20065
2016-04-29 18:44:58,1.80635
2016-04-29 18:49:58,5.815516667
2016-04-29 18:50:58,1.962233333
2016-04-29 18:57:58,5.489716667
2016-04-29 18:58:58,1.3454
2016-04-29 19:03:58,3.832316667
2016-04-29 19:21:58,5.7707
2016-04-29 19:22:58,0.417533333
2016-04-29 19:35:58,5.419933333
2016-04-29 19:36:58,0.6256
2016-04-29 19:53:58,5.73275
2016-04-29 20:13:58,0.562533333
2016-04-29 20:22:58,5.914116667
2016-04-29 20:23:58,0.899716667
2016-04-29 20:31:58,5.81175
2016-04-30 19:52:58,5.3311
2016-04-30 19:53:58,2.285033333
2016-04-30 20:01:58,5.96075
2016-04-30 20:02:58,0.27835
2016-04-30 20:09:58,5.386316667
2016-04-30 20:10:58,1.160066667
2016-04-30 20:25:58,5.571866667
2016-04-30 20:26:58,0.758616667
2016-04-30 21:46:58,3.367066667
2016-04-30 21:48:58,0.639283333
2016-04-30 22:29:58,5.70235
2016-04-30 22:31:58,3.342966667
2016-04-30 22:33:58,5.808966667
2016-04-30 22:35:58,3.38815
2016-04-30 22:37:58,6.153166667
2016-04-30 22:41:58,7.57315
2016-04-30 22:45:58,8.181033333
2016-04-30 22:46:58,4.759933333
2016-04-30 22:49:58,8.277116667
2016-04-30 22:50:58,3.568866667
2016-04-30 22:52:58,6.389583333
2016-04-30 22:54:58,1.13985
2016-04-30 22:56:58,5.01145
2016-04-30 22:59:58,6.680266667
2016-04-30 23:00:58,3.35065
2016-04-30 23:02:58,5.705133333
2016-04-30 23:04:58,1.362583333
2016-04-30 23:14:58,7.213166667
2016-04-30 23:15:58,1.437066667
2016-04-30 23:17:58,4.897366667
2016-04-30 23:19:58,3.2247
2016-04-30 23:30:58,8.190883333
2016-04-30 23:31:58,5.190483333
2016-04-30 23:48:58,4.251633333
2016-05-01 19:09:58,6.748316667
2016-05-01 19:10:58,3.773
2016-05-06 17:24:58,7.8871
2016-05-06 17:25:58,3.1647
2016-05-06 17:28:58,5.645266667
2016-05-06 17:34:58,6.98295
2016-05-06 17:35:58,3.262166667
2016-05-06 19:37:58,6.340516667
2016-05-06 19:38:58,2.906083333
2016-05-06 20:22:58,6.249583333
2016-05-06 20:23:58,3.114816667
2016-05-06 20:38:58,0.70695
2016-05-06 20:59:58,0.641183333
2016-05-06 21:03:58,5.951166667
2016-05-06 21:04:58,2.569166667
2016-05-06 21:06:58,4.761983333
2016-05-06 21:08:58,2.120916667
2016-05-06 21:19:58,3.877383333
2016-05-06 21:21:58,0.641233333
2016-05-07 15:42:58,6.984333333
2016-05-07 15:43:58,1.0821
2016-05-07 16:07:58,6.791016667
2016-05-07 16:08:58,1.926633333
2016-05-08 14:32:58,0.363733333
2016-05-08 14:56:58,0.234333333
2016-05-08 15:09:58,5.489816667
2016-05-08 15:10:58,0.011016667
2016-05-08 15:54:58,0.0096
2016-05-08 16:16:58,4.610366667
2016-05-08 16:17:58,0.460433333
2016-05-08 17:45:58,6.085933333
2016-05-08 18:15:58,9.38945
2016-05-08 18:16:58,3.589516667
2016-05-08 18:19:58,0.486516667
2016-05-08 21:08:58,7.212216667
2016-05-08 21:09:58,3.549566667
2016-05-08 21:14:58,5.9309
2016-05-08 21:15:58,0.42205
2016-05-08 21:17:58,6.38005
2016-05-08 21:23:58,0.40715
2016-05-08 21:24:58,2.9784
2016-05-08 21:26:58,0.416333333
2016-05-08 21:28:58,7.56475
2016-05-08 21:29:58,3.9317
2016-05-08 21:31:58,5.710283333
2016-05-08 21:33:58,0.418116667
2016-05-08 21:35:58,4.372133333
2016-05-08 21:39:58,5.76295
2016-05-08 21:41:58,2.7603
2016-05-08 21:42:58,5.443333333
2016-05-08 21:44:58,0.483516667
2016-05-08 21:46:58,4.376333333
2016-05-08 21:48:58,0.55415
2016-05-08 21:49:58,5.847133333
2016-05-08 21:51:58,3.366933333
2016-05-08 21:54:58,0.843966667
2016-05-08 21:56:58,5.201616667
2016-05-08 21:57:58,2.588283333
2016-05-08 21:59:58,6.840833333
2016-05-08 22:03:58,5.55255
2016-05-08 22:05:58,3.374866667
2016-05-08 22:07:58,5.886133333
2016-05-08 22:08:58,1.658616667
2016-05-08 22:10:58,6.8645
2016-05-08 22:15:58,2.313916667
2016-05-08 22:19:58,0.690783333
2016-05-08 22:21:58,5.49255
2016-05-08 22:26:58,0.739733333
2016-05-08 22:30:58,5.729783333
2016-05-08 22:31:58,2.095183333
2016-05-08 22:35:58,7.555583333
2016-05-08 22:36:58,4.141616667
2016-05-09 21:26:58,5.34805
2016-05-09 21:27:58,0.487833333
2016-05-09 21:30:58,3.25665
2016-05-09 21:31:58,6.139133333
2016-05-09 21:32:58,1.430683333
2016-05-09 21:39:58,5.919716667
2016-05-09 21:40:58,1.608533333
2016-05-09 21:44:58,3.2217
2016-05-09 21:46:58,1.360266667
2016-05-09 21:52:58,4.806133333
2016-05-09 21:53:58,2.13115
2016-05-09 22:02:58,6.158416667
2016-05-09 22:09:58,4.504316667
2016-05-09 22:11:58,1.917983333
2016-05-09 22:22:58,1.3399
2016-05-09 22:29:58,5.548066667
2016-05-09 22:31:58,0.626933333
2016-05-09 22:39:58,3.6037
2016-05-09 22:41:58,0.42925
2016-05-09 22:46:58,5.565883333
2016-05-09 22:47:58,2.5575
2016-05-09 22:52:58,8.24525
2016-05-09 22:54:58,3.421833333
2016-05-09 22:57:58,8.263233333
2016-05-09 22:59:58,4.38175
2016-05-09 23:10:58,9.356616667
2016-05-09 23:11:58,6.149633333
2016-05-09 23:22:58,9.956566667
2016-05-09 23:23:58,2.106366667
2016-05-12 18:40:58,3.125183333
2016-05-12 18:42:58,0.182866667
2016-05-12 18:44:58,4.2714
2016-05-12 18:45:58,1.504383333
2016-05-12 18:58:58,0.41045
2016-05-12 18:59:58,3.421233333
2016-05-12 19:08:58,5.559183333
2016-05-12 19:09:58,1.316616667
2016-05-12 19:21:58,5.2386
2016-05-12 19:29:58,5.396366667
2016-05-12 19:30:58,1.168616667
2016-05-12 19:38:58,5.38465
2016-05-12 19:39:58,0.916966667
2016-05-12 20:34:58,5.8549
2016-05-12 20:35:58,1.0798
2016-05-12 20:57:58,5.182466667
2016-05-12 20:58:58,0.779166667
2016-05-12 21:05:58,0.335466667
2016-05-12 21:31:58,0.415283333
2016-05-12 23:33:58,6.179516667
2016-05-12 23:34:58,0.620283333
2016-05-13 00:10:58,6.568033333
2016-05-13 10:44:58,6.439
2016-05-13 10:45:58,2.626666667
2016-05-13 12:05:58,5.444516667
2016-05-13 12:08:58,6.4548
2016-05-13 12:10:58,2.46925
2016-05-13 12:18:58,4.02195
2016-05-13 12:20:58,1.3092
2016-05-13 12:48:58,4.193616667
2016-05-13 12:50:58,0.7522
2016-05-13 12:55:58,4.866216667
2016-05-13 13:02:58,6.241466667
2016-05-13 13:03:58,1.4536
2016-05-13 13:16:58,5.514316667
2016-05-13 13:22:58,6.9669
2016-05-13 13:51:58,6.229583333
2016-05-13 13:54:58,1.851683333
2016-05-15 16:21:58,6.689666667
2016-05-15 16:22:58,1.384466667
2016-05-15 16:27:58,3.470916667
2016-05-15 16:29:58,0.744183333
2016-05-15 16:49:58,5.3815
2016-05-15 16:50:58,1.6905
2016-05-15 19:32:58,6.4919
2016-05-15 19:47:58,4.808466667
2016-05-15 20:22:58,3.759466667
2016-05-15 20:24:58,0.767833333
2016-05-15 20:43:58,4.1558
2016-05-15 21:07:58,0.726166667
2016-05-15 21:27:58,4.611383333
2016-05-15 22:21:58,6.33225
2016-05-15 22:22:58,3.500066667
2016-05-15 23:08:58,9.0743
2016-05-15 23:09:58,4.154983333
2016-05-18 01:21:58,1.55695
2016-05-18 12:22:58,6.507383333
2016-05-18 12:23:58,1.75615
2016-05-20 15:27:58,4.820966667
2016-05-20 15:28:58,1.669216667
2016-05-26 15:20:58,0.193183333
2016-05-26 21:46:58,4.484683333
2016-05-26 21:47:58,1.708283333
2016-05-27 00:57:58,3.768433333
2016-05-27 04:08:58,5.137
2016-05-27 04:09:58,0.3831
2016-05-27 07:18:58,5.334183333
2016-05-27 07:19:58,0.367233333
2016-05-27 10:26:58,3.1045
2016-05-27 13:36:58,3.689733333
2016-05-27 16:50:58,0.083683333
2016-05-27 20:04:58,5.345533333
2016-05-27 20:05:58,0.085083333
2016-05-27 23:16:58,5.66085
2016-05-27 23:17:58,0.42425
2016-05-28 02:26:58,4.233766667
2016-05-28 05:36:58,4.826016667
2016-05-28 05:37:58,0.56365
2016-05-28 08:47:58,0.26815
2016-05-28 11:55:58,5.695633333
2016-05-28 11:56:58,0.3923
2016-05-28 15:07:58,5.00075
2016-05-28 15:08:58,0.077866667
2016-05-28 18:23:58,4.247033333
2016-05-28 18:24:58,1.1916
2016-05-28 21:40:58,4.811616667
2016-05-28 21:41:58,0.77995
2016-05-29 00:54:58,4.531816667
2016-05-29 00:55:58,1.465633333
2016-05-29 04:10:58,0.549066667
2016-05-29 07:24:58,0.442966667
2016-05-29 10:37:58,0.32785
2016-05-29 13:50:58,5.30255
2016-05-29 13:51:58,0.030416667
2016-05-29 17:07:58,4.650816667
2016-05-29 17:08:58,1.4459
2016-05-29 20:27:58,0.323333333
2016-05-29 23:41:58,5.228416667
2016-05-29 23:42:58,0.7615
2016-05-30 02:55:58,3.865033333
2016-05-30 06:10:58,5.8104
2016-05-30 06:11:58,0.545983333
2016-05-30 09:25:58,5.663
2016-05-30 09:26:58,0.524433333
2016-05-30 12:40:58,5.640866667
2016-05-30 12:41:58,0.339433333
2016-05-30 15:56:58,5.093416667
2016-05-30 15:57:58,0.293416667
2016-05-30 19:14:58,5.36235
2016-05-30 19:15:58,0.178483333
2016-05-30 22:31:58,5.4925
2016-05-30 22:32:58,0.492316667
2016-05-31 01:47:58,3.381733333
2016-05-31 05:04:58,0.2743
2016-05-31 08:18:58,4.412383333
2016-05-31 11:33:58,3.61695
2016-05-31 18:10:58,5.92075
2016-05-31 18:11:58,0.666983333
2016-05-31 21:31:58,4.703016667
2016-05-31 21:32:58,1.481566667
2016-06-01 00:50:58,0.855116667
2016-06-01 04:04:58,4.571016667
2016-06-01 04:05:58,1.231033333
2016-06-01 07:18:58,5.369366667
2016-06-01 07:19:58,0.892033333
2016-06-01 10:33:58,6.125983333
2016-06-01 10:34:58,0.820716667
2016-06-01 13:49:58,5.792483333
2016-06-01 13:50:58,0.458983333
2016-06-01 17:08:58,3.8767
2016-06-01 20:31:58,0.275733333
2016-06-04 12:53:58,3.311633333
2016-06-04 12:55:58,0.4753
2016-06-04 13:15:58,5.0149
2016-06-04 13:16:58,1.392733333
2016-06-04 13:32:58,5.758116667
2016-06-04 13:33:58,0.4208
2016-06-04 13:55:58,0.2716
2016-06-04 14:59:58,4.532833333
2016-06-04 15:00:58,1.556916667
2016-06-04 15:45:58,5.347616667
2016-06-04 15:46:58,0.978366667
2016-06-04 18:30:58,4.325533333
2016-06-04 18:46:58,6.2713
2016-06-04 18:47:58,2.736533333
2016-06-04 19:21:58,4.8902
2016-06-04 21:50:58,1.0224
2016-06-04 22:50:58,6.512466667
2016-06-04 22:51:58,1.832716667
2016-06-04 23:07:58,5.557816667
2016-06-04 23:08:58,1.022316667
2016-06-04 23:20:58,1.018183333
2016-06-04 23:39:58,3.956416667
2016-06-04 23:44:58,7.590533333
2016-06-04 23:56:58,7.750383333
2016-06-04 23:58:58,4.80625
2016-06-05 01:40:58,6.50865
2016-06-05 01:41:58,3.416766667
2016-06-05 02:20:58,4.384133333
2016-06-05 02:36:58,6.362
2016-06-05 02:37:58,1.88765
2016-06-05 03:35:58,4.073533333
2016-06-05 15:16:58,5.703183333
2016-06-05 15:17:58,0.799766667
2016-06-05 15:28:58,5.766666667
2016-06-05 15:29:58,0.834166667
2016-06-05 16:03:58,5.646783333
2016-06-05 16:04:58,1.624833333
2016-06-05 16:20:58,0.738616667
2016-06-05 16:43:58,6.329616667
2016-06-05 16:44:58,1.66635
2016-06-05 16:54:58,3.819283333
2016-06-05 16:56:58,0.9888
2016-06-05 17:15:58,5.6906
2016-06-05 17:16:58,0.927883333
2016-06-05 17:31:58,0.883533333
2016-06-05 17:43:58,5.987283333
2016-06-05 17:44:58,1.907216667
2016-06-05 17:55:58,5.969683333
2016-06-05 17:56:58,1.6796
2016-06-05 18:09:58,5.6592
2016-06-05 18:10:58,0.78875
2016-06-05 20:09:58,5.793616667
2016-06-05 20:10:58,2.064233333
2016-06-05 21:13:58,7.884616667
2016-06-05 21:15:58,1.631666667
2016-06-07 14:25:58,5.6294
2016-06-07 14:26:58,0.444116667
2016-06-07 15:57:58,3.6217
2016-06-07 21:45:58,3.887866667
2016-06-07 21:47:58,0.797916667
2016-06-07 22:11:58,1.001333333
2016-06-08 13:01:58,5.369583333
2016-06-08 13:37:58,4.031933333
2016-06-08 13:43:58,0.335933333
2016-06-08 14:22:58,6.15175
2016-06-08 14:23:58,2.27015
2016-06-08 14:31:58,5.308866667
2016-06-08 14:33:58,0.660716667
2016-06-08 14:36:58,5.691016667
2016-06-08 14:37:58,0.6691
2016-06-08 14:49:58,4.9387
2016-06-08 14:50:58,0.90005
2016-06-08 20:11:58,3.1764
2016-06-08 20:37:58,5.005733333
2016-06-08 21:55:58,3.59525
2016-06-08 21:57:58,2.046883333
2016-06-13 21:22:58,4.854883333
2016-06-14 14:29:58,0.193266667
2016-06-14 14:46:58,5.767466667
2016-06-14 14:47:58,0.2105
2016-06-17 13:03:58,3.2935
2016-06-17 16:52:58,3.412566667
2016-06-17 16:54:58,0.70105
2016-06-17 17:00:58,5.91425
2016-06-17 17:01:58,0.701216667
2016-06-17 17:28:58,4.481666667
2016-06-17 18:17:58,3.5126
2016-06-17 18:19:58,0.535266667
2016-06-17 18:26:58,5.271866667
2016-06-17 18:27:58,0.859266667
2016-06-17 18:33:58,5.0361
2016-06-17 18:34:58,0.853883333
2016-06-17 18:50:58,3.19405
2016-06-17 18:52:58,0.3476
2016-06-17 18:56:58,4.065083333
2016-06-17 18:58:58,0.303883333
2016-06-17 19:46:58,5.768033333
2016-06-17 19:47:58,1.120133333
2016-06-17 19:55:58,0.80825
2016-06-17 20:28:58,4.75705
2016-06-17 20:29:58,1.315283333
2016-06-17 21:00:58,5.591216667
2016-06-17 21:01:58,0.7595
2016-06-17 21:08:58,4.95545
2016-06-17 21:09:58,0.933283333
2016-06-18 13:23:58,5.712566667
2016-06-18 13:24:58,0.503966667
2016-06-18 13:46:58,5.55615
2016-06-18 13:47:58,0.294566667
2016-06-18 14:25:58,5.114883333
2016-06-18 14:26:58,0.512
2016-06-18 16:17:58,5.366933333
2016-06-18 16:18:58,0.354466667
2016-06-18 18:43:58,6.0214
2016-06-18 18:44:58,1.241966667
2016-06-18 19:38:58,5.341883333
2016-06-18 19:39:58,0.412083333
2016-06-18 20:40:58,4.483916667
2016-06-19 18:17:58,4.343766667
2016-06-19 18:54:58,5.155766667
2016-06-19 18:55:58,0.503433333
2016-06-19 19:00:58,3.578233333
2016-06-19 20:35:58,4.506166667
2016-06-19 20:46:58,5.38075
2016-06-19 20:47:58,0.990133333
2016-06-19 20:48:58,5.085566667
2016-06-19 20:49:58,0.789133333
2016-06-19 20:54:58,4.27245
2016-06-19 21:03:58,3.563333333
2016-06-19 21:10:58,0.413133333
2016-06-19 21:28:58,5.78405
2016-06-19 21:29:58,3.0961
2016-06-19 21:59:58,4.473
2016-06-19 22:00:58,0.459216667
2016-06-20 00:31:58,5.85315
2016-06-20 00:32:58,0.8233
2016-06-20 03:06:58,5.247466667
2016-06-20 03:07:58,0.945783333
2016-06-20 05:40:58,5.017633333
2016-06-20 05:41:58,0.90105
2016-06-20 08:14:58,4.395
2016-06-20 08:15:58,1.438766667
2016-06-20 13:16:58,0.0312
2016-06-20 15:47:58,6.063216667
2016-06-20 15:48:58,1.8725
2016-06-20 21:05:58,5.244033333
2016-06-20 21:06:58,0.865033333
2016-06-20 23:45:58,4.814283333
2016-06-20 23:46:58,1.6043
2016-06-21 02:24:58,5.008566667
2016-06-21 02:25:58,0.440116667
2016-06-21 10:15:58,4.713533333
2016-06-21 10:16:58,0.37905
2016-06-21 12:52:58,0.258433333
2016-06-21 15:25:58,6.6428
2016-06-21 15:26:58,0.36235
2016-06-24 14:16:58,6.169116667
2016-06-24 14:17:58,1.691266667
2016-06-24 14:25:58,3.136616667
2016-06-24 14:27:58,0.5603
2016-06-24 14:28:58,3.732066667
2016-06-24 15:35:58,3.39365
2016-06-24 17:32:58,6.59695
2016-06-24 17:33:58,1.790466667
2016-06-24 17:46:58,0.609733333
2016-06-24 18:11:58,3.69925
2016-06-24 18:24:58,5.855316667
2016-06-28 21:12:58,3.571666667
2016-06-28 21:18:58,5.521583333
2016-06-28 21:19:58,1.0775
2016-07-02 14:20:58,4.198266667
2016-07-02 14:36:58,4.206383333
2016-07-02 14:47:58,0.000183333
2016-07-02 14:54:58,5.231583333
2016-07-02 14:55:58,0.156683333
2016-07-04 12:27:58,7.2024
2016-07-04 12:28:58,3.153883333
2016-07-04 12:31:58,6.316166667
2016-07-04 12:32:58,0.8196
2016-07-04 12:52:58,4.1557
2016-07-04 12:53:58,1.45045
2016-07-04 13:00:58,4.593366667
2016-07-04 13:23:58,5.75315
2016-07-04 13:24:58,0.786633333
2016-07-04 13:32:58,0.6707
2016-07-04 13:41:58,5.334533333
2016-07-04 13:49:58,4.9551
2016-07-04 13:50:58,1.059933333
2016-07-04 14:00:58,0.613966667
2016-07-04 14:13:58,0.8127
2016-07-04 14:15:58,4.797533333
2016-07-04 14:16:58,1.224633333
2016-07-04 14:18:58,5.1111
2016-07-04 14:19:58,0.77135
2016-07-04 14:29:58,5.445466667
2016-07-04 14:30:58,0.7917
2016-07-04 14:35:58,4.9666
2016-07-04 14:46:58,3.548983333
2016-07-04 14:53:58,5.699466667
2016-07-04 14:54:58,0.74385
2016-07-04 15:04:58,4.792883333
2016-07-06 20:11:58,3.931583333
2016-07-06 20:15:58,3.7179
2016-07-06 20:26:58,5.940616667
2016-07-06 20:44:58,0.64635
2016-07-06 20:47:58,0.778633333
2016-07-06 20:58:58,5.876166667
2016-07-06 20:59:58,0.816466667
2016-07-06 21:48:58,4.35965
2016-07-06 22:05:58,7.26825
2016-07-06 22:06:58,10.9768
2016-07-06 22:24:58,11.6053
2016-07-06 22:25:58,7.500683333
2016-07-06 22:30:58,10.20625
2016-07-07 00:25:58,5.587966667
2016-07-07 01:41:58,4.953066667
2016-07-07 02:13:58,1.3845
2016-07-07 02:35:58,1.723583333
2016-07-07 02:49:58,6.17185
2016-07-07 03:16:58,4.468183333
2016-07-07 03:46:58,3.9961
2016-07-07 04:27:58,5.972483333
2016-07-07 05:07:58,5.761033333
2016-07-07 05:12:58,0.623783333
2016-07-07 05:50:58,5.678133333
2016-07-07 05:54:58,1.03655
2016-07-07 06:58:58,5.8795
2016-07-07 08:45:58,5.868983333
2016-07-07 21:23:58,6.354933333
2016-07-07 21:24:58,3.304666667
2016-07-07 21:30:58,5.335366667
2016-07-07 21:31:58,0.338833333
2016-07-07 21:38:58,4.76135
2016-07-07 21:39:58,1.617533333
2016-07-07 21:46:58,3.778783333
2016-07-07 22:00:58,5.279316667
2016-07-07 22:02:58,1.118833333
2016-07-07 22:17:58,5.6704
2016-07-07 22:18:58,2.191183333
2016-07-08 01:20:58,6.0648
2016-07-08 01:55:58,1.502666667
2016-07-08 02:07:58,6.308116667
2016-07-08 02:32:58,6.4246
2016-07-08 02:50:58,5.19245
2016-07-08 02:56:58,3.154716667
2016-07-08 03:12:58,6.175116667
2016-07-08 03:35:58,3.820433333
2016-07-08 03:41:58,0.498716667
2016-07-08 04:06:58,6.147416667
2016-07-08 04:11:58,1.2767
2016-07-08 04:45:58,6.08885
2016-07-08 04:49:58,2.058833333
2016-07-08 05:25:58,4.76435
2016-07-08 05:30:58,1.149466667
2016-07-08 06:10:58,6.056166667
2016-07-08 06:14:58,2.211766667
2016-07-08 07:05:58,5.96025
2016-07-08 07:09:58,1.754083333
2016-07-08 08:09:58,5.932566667
2016-07-08 09:41:58,5.953683333
2016-07-08 11:28:58,3.499533333
2016-07-08 13:19:58,0.432066667
2016-07-11 22:05:58,0.655133333
2016-07-13 20:26:58,3.727033333
2016-07-13 21:04:58,0.867516667
2016-07-13 21:45:58,1.1572
2016-07-13 22:02:58,10.544
2016-07-13 22:14:58,9.425166667
2016-07-13 22:44:58,3.976166667
2016-07-13 22:54:58,6.343616667
2016-07-13 23:01:58,6.478433333
2016-07-13 23:03:58,1.214133333
2016-07-13 23:18:58,10.40061667
2016-07-13 23:24:58,4.634866667
2016-07-13 23:44:58,9.8771
2016-07-13 23:49:58,2.27975
2016-07-14 00:09:58,0.962483333
2016-07-14 01:01:58,5.80705
2016-07-14 01:06:58,1.755716667
2016-07-14 02:11:58,6.428666667
2016-07-14 02:16:58,0.95595
2016-07-14 02:35:58,4.38755
2016-07-14 02:44:58,1.92215
2016-07-14 03:10:58,3.695433333
2016-07-14 03:15:58,2.658933333
2016-07-14 03:58:58,6.238766667
2016-07-14 05:18:58,5.984666667
2016-07-14 05:22:58,2.073283333
2016-07-14 06:15:58,4.93345
2016-07-14 06:20:58,0.9598
2016-07-14 07:23:58,5.898866667
2016-07-14 09:25:58,6.223316667
2016-07-14 19:38:58,0.647983333
2016-07-14 19:45:58,3.846583333
2016-07-14 20:20:58,0.814583333
2016-07-14 20:41:58,0.816883333
2016-07-14 21:14:58,4.877633333
2016-07-14 23:06:58,4.2934
2016-07-14 23:31:58,4.157866667
2016-07-15 00:20:58,4.813133333
2016-07-15 00:27:58,0.936916667
2016-07-15 00:51:58,1.126716667
2016-07-15 01:02:58,6.8653
2016-07-15 01:29:58,1.971416667
2016-07-15 01:49:58,4.438683333
2016-07-15 01:55:58,2.314083333
2016-07-15 02:23:58,4.803166667
2016-07-15 02:28:58,2.974716667
2016-07-15 02:59:58,4.8146
2016-07-15 03:05:58,2.438333333
2016-07-15 03:45:58,3.851366667
2016-07-15 04:37:58,5.963683333
2016-07-15 05:33:58,3.660016667
2016-07-15 05:38:58,2.2946
2016-07-15 06:51:58,3.548666667
2016-07-15 08:36:58,6.208783333
2016-07-15 09:19:58,4.199433333
2016-07-15 10:13:58,3.518166667
2016-07-15 10:14:58,6.417433333
2016-07-15 10:15:58,2.50055
2016-07-15 16:32:58,1.783483333
2016-07-15 16:45:58,4.333883333
2016-07-15 17:06:58,3.617166667
2016-07-15 17:15:58,2.2479
2016-07-15 17:28:58,4.63365
2016-07-15 17:38:58,0.42985
2016-07-15 18:10:58,3.368233333
2016-07-15 19:00:58,1.24655
2016-07-15 19:11:58,3.441483333
2016-07-15 19:52:58,4.471733333
2016-07-15 20:05:58,1.562483333
2016-07-15 20:48:58,1.304016667
2016-07-15 21:11:58,1.077016667
2016-07-15 21:31:58,1.068483333
2016-07-15 21:52:58,0.631833333
2016-07-15 22:05:58,10.39116667
2016-07-15 22:41:58,10.41353333
2016-07-15 23:27:58,5.643016667
2016-07-15 23:32:58,0.691633333
2016-07-15 23:37:58,6.617416667
2016-07-15 23:58:58,6.1112
2016-07-16 00:05:58,1.873783333
2016-07-16 00:16:58,1.102266667
2016-07-16 00:27:58,5.054216667
2016-07-16 00:33:58,0.81435
2016-07-16 00:34:58,4.030833333
2016-07-16 01:00:58,4.083033333
2016-07-16 02:10:58,5.07365
2016-07-16 02:32:58,6.16095
2016-07-16 02:55:58,6.051016667
2016-07-16 03:01:58,1.555466667
2016-07-16 03:20:58,5.363316667
2016-07-16 03:58:58,1.26255
2016-07-16 04:31:58,3.592366667
2016-07-16 05:16:58,5.7613
2016-07-16 06:13:58,3.427116667
2016-07-16 06:18:58,1.640983333
2016-07-16 07:41:58,5.305383333
2016-07-16 07:46:58,1.67725
2016-07-16 09:04:58,3.267166667
2016-07-16 09:13:58,0.93
2016-07-16 09:58:58,4.433266667
2016-07-16 10:03:58,1.749916667
2016-07-16 14:38:58,6.170733333
2016-07-16 14:39:58,0.970016667
2016-07-16 16:15:58,6.583216667
2016-07-16 16:20:58,2.360183333
2016-07-16 16:39:58,6.6865
2016-07-16 16:45:58,2.217483333
2016-07-16 17:00:58,6.459483333
2016-07-16 17:19:58,6.675116667
2016-07-16 17:29:58,0.492016667
2016-07-16 17:39:58,6.48865
2016-07-16 17:48:58,0.984716667
2016-07-16 17:57:58,4.267266667
2016-07-16 18:10:58,1.122666667
2016-07-16 18:18:58,6.60505
2016-07-16 18:28:58,2.0033
2016-07-16 18:41:58,6.539416667
2016-07-16 18:50:58,0.949366667
2016-07-16 19:01:58,6.547233333
2016-07-16 19:12:58,2.112
2016-07-16 19:22:58,6.473416667
2016-07-16 19:31:58,2.056566667
2016-07-16 19:41:58,4.250416667
2016-07-16 19:51:58,1.23545
2016-07-16 20:04:58,4.516966667
2016-07-16 20:12:58,1.585316667
2016-07-16 20:26:58,5.366716667
2016-07-16 20:33:58,1.2924
2016-07-16 20:50:58,6.52185
2016-07-16 20:56:58,2.547183333
2016-07-16 21:33:58,6.54345
2016-07-17 02:32:58,4.95625
2016-07-17 02:57:58,1.19695
2016-07-17 03:14:58,6.1704
2016-07-17 03:41:58,5.954733333
2016-07-17 03:46:58,1.1897
2016-07-17 04:15:58,4.985833333
2016-07-17 04:20:58,1.641116667
2016-07-17 05:01:58,5.5771
2016-07-17 05:06:58,1.0603
2016-07-17 05:51:58,0.526816667
2016-07-17 06:52:58,5.04015
2016-07-17 06:57:58,1.192316667
2016-07-17 09:04:58,3.3379
2016-07-17 09:15:58,0.494666667
2016-07-17 10:01:58,5.620716667
2016-07-17 10:06:58,1.006466667
2016-07-17 11:07:58,3.246616667
2016-07-17 15:36:58,6.19485
2016-07-17 15:37:58,0.4927
2016-07-17 16:10:58,5.295183333
2016-07-17 16:11:58,0.219883333
2016-07-17 16:36:58,4.806416667
2016-07-17 16:37:58,0.162566667
2016-07-17 16:41:58,7.68715
2016-07-17 16:46:58,2.884633333
2016-07-17 17:03:58,8.224483333
2016-07-17 17:10:58,3.34655
2016-07-17 17:22:58,4.265083333
2016-07-17 17:30:58,3.088583333
2016-07-17 17:40:58,6.66665
2016-07-17 18:00:58,4.374816667
2016-07-17 18:05:58,11.77396667
2016-07-17 18:20:58,11.50938333
2016-07-17 18:35:58,4.3691
2016-07-17 18:41:58,7.9616
2016-07-17 18:57:58,6.7089
2016-07-17 19:03:58,10.01328333
2016-07-17 19:15:58,6.888133333
2016-07-17 19:23:58,5.024966667
2016-07-17 19:30:58,10.4164
2016-07-17 19:44:58,9.886766667
2016-07-17 19:50:58,4.18995
2016-07-17 19:55:58,10.56745
2016-07-17 20:16:58,5.52535
2016-07-17 20:19:58,1.0909
2016-07-17 20:22:58,6.879833333
2016-07-17 20:33:58,5.5993
2016-07-17 20:39:58,10.99378333
2016-07-17 20:40:58,7.49915
2016-07-17 20:53:58,7.19295
2016-07-17 20:59:58,10.79546667
2016-07-17 21:10:58,10.97021667
2016-07-17 21:15:58,3.335166667
2016-07-17 21:24:58,6.806533333
2016-07-17 21:39:58,1.518333333
2016-07-17 21:46:58,7.332333333
2016-07-17 22:01:58,1.285883333
2016-07-17 22:09:58,6.843233333
2016-07-17 22:19:58,1.700083333
2016-07-18 01:36:58,6.210966667
2016-07-18 01:54:58,5.951583333
2016-07-18 02:00:58,2.04085
2016-07-18 02:04:58,1.1076
2016-07-18 02:17:58,4.089933333
2016-07-18 02:47:58,5.979166667
2016-07-18 02:52:58,1.866266667
2016-07-18 03:26:58,5.693566667
2016-07-18 03:31:58,1.075933333
2016-07-18 04:13:58,5.7036
2016-07-18 04:17:58,1.791183333
2016-07-18 05:10:58,5.932883333
2016-07-18 05:14:58,2.41015
2016-07-18 06:22:58,3.775516667
2016-07-18 06:27:58,1.75955
2016-07-18 09:20:58,5.947066667
2016-07-18 11:05:58,6.370566667
2016-07-18 11:13:58,1.0645
2016-07-18 11:36:58,6.071283333
2016-07-18 12:08:58,6.186033333
2016-07-18 12:13:58,1.163883333
2016-07-18 17:53:58,4.250016667
2016-07-18 18:57:58,0.780833333
2016-07-18 19:18:58,0.781633333
2016-07-18 20:19:58,1.948083333
2016-07-18 20:39:58,1.360566667
2016-07-18 22:20:58,1.144766667
2016-07-18 22:34:58,4.22345
2016-07-18 23:15:58,7.074016667
2016-07-18 23:45:58,1.237216667
2016-07-19 00:45:58,4.408266667
2016-07-19 01:08:58,4.416533333
2016-07-25 02:59:58,4.083433333
2016-07-25 03:00:58,6.841166667
2016-07-25 04:29:58,0.387566667
2016-07-25 04:41:58,5.825166667
2016-07-25 04:48:58,2.0427
2016-07-25 05:10:58,1.4262
2016-07-25 05:27:58,5.690133333
2016-07-25 05:33:58,1.952883333
2016-07-25 05:53:58,5.436933333
2016-07-25 06:22:58,5.472516667
2016-07-25 06:56:58,4.7066
2016-07-25 07:42:58,4.6294
2016-07-25 08:38:58,1.21955
2016-07-25 09:20:58,5.618083333
2016-07-25 09:29:58,1.276166667
2016-07-25 10:10:58,5.445066667
2016-07-25 10:15:58,0.433816667
2016-07-25 10:58:58,1.749133333
2016-07-25 11:05:58,5.84555
2016-07-25 11:11:58,1.842666667
2016-07-25 11:36:58,4.929183333
2016-07-25 11:42:58,1.240216667
2016-07-25 12:06:58,6.266366667
2016-07-25 12:25:58,5.775466667
2016-07-25 12:44:58,5.935916667
2016-07-25 13:01:58,6.262016667
2016-07-25 13:08:58,0.199833333
2016-07-25 13:19:58,6.96745
2016-07-25 14:06:58,4.00375
2016-07-25 14:53:58,0.412016667
2016-07-25 15:12:58,0.868333333
2016-07-25 15:21:58,3.640466667
2016-07-25 15:28:58,10.2774
2016-07-25 15:34:58,0.3151
2016-07-25 15:37:58,4.79405
2016-07-25 15:50:58,10.35021667
2016-07-25 15:51:58,6.971283333
2016-07-25 15:56:58,2.44865
2016-07-25 16:11:58,0.356583333
2016-07-25 16:14:58,6.876583333
2016-07-25 16:30:58,0.082566667
2016-07-25 16:33:58,6.810133333
2016-07-25 16:38:58,10.20873333
2016-07-25 16:40:58,4.702983333
2016-07-25 16:52:58,6.601933333
2016-07-25 17:09:58,0.442133333
2016-07-25 17:21:58,9.989283333
2016-07-25 17:27:58,5.346383333
2016-07-25 17:29:58,0.748866667
2016-07-25 18:00:58,8.889616667
2016-07-25 18:20:58,4.40335
2016-07-25 18:35:58,3.549383333
2016-07-25 18:51:58,1.102266667
2016-07-25 18:58:58,6.401366667
2016-07-25 18:59:58,9.879266667
2016-07-25 19:02:58,12.68775
2016-07-25 19:06:58,8.346866667
2016-07-25 19:13:58,6.652466667
2016-07-25 19:15:58,4.267633333
2016-07-25 19:19:58,7.615716667
2016-07-25 19:24:58,12.4565
2016-07-25 19:26:58,9.302816667
2016-07-25 19:43:58,10.76463333
2016-07-25 19:52:58,3.529733333
2016-07-25 20:00:58,7.039816667
2016-07-25 20:04:58,11.00473333
2016-07-25 20:18:58,4.225866667
2016-07-25 20:19:58,0.5913
2016-07-25 20:26:58,10.26156667
2016-07-25 20:35:58,3.776066667
2016-07-25 20:50:58,10.91166667
2016-07-25 20:56:58,1.969483333
2016-07-25 21:13:58,1.406066667
2016-07-25 21:15:58,6.108266667
2016-07-25 21:22:58,3.461
2016-07-25 21:33:58,2.4122
2016-07-25 21:45:58,7.676616667
2016-07-25 21:52:58,5.699916667
2016-07-25 21:54:58,2.248366667
2016-07-25 22:16:58,6.993416667
2016-07-25 22:21:58,2.012166667
2016-07-25 22:50:58,4.064716667
2016-07-25 22:51:58,9.879366667
2016-07-25 22:57:58,5.14215
2016-07-25 23:15:58,10.4636
2016-07-25 23:21:58,5.145983333
2016-07-25 23:22:58,0.72785
2016-07-25 23:53:58,6.536716667
2016-07-26 00:00:58,4.487433333
2016-07-26 00:33:58,1.07385
2016-07-26 00:50:58,3.832983333
2016-07-26 01:14:58,4.875133333
2016-07-26 01:21:58,1.348216667
2016-07-26 02:15:58,4.371566667
2016-07-26 02:38:58,1.610666667
2016-07-26 03:08:58,0.726383333
2016-07-26 03:23:58,6.0292
2016-07-26 03:28:58,1.358566667
2016-07-26 03:42:58,0.639133333
2016-07-26 04:03:58,5.911416667
2016-07-26 04:08:58,2.063533333
2016-07-26 04:18:58,3.491716667
2016-07-26 04:24:58,0.665033333
2016-07-26 04:49:58,5.838466667
2016-07-26 05:08:58,0.714916667
2016-07-26 05:46:58,5.95155
2016-07-26 05:50:58,2.078633333
2016-07-26 07:07:58,5.78845
2016-07-26 07:12:58,1.034916667
2016-07-26 11:40:58,3.976066667
2016-07-26 12:54:58,2.934233333
2016-07-26 13:34:58,4.190933333
2016-07-26 13:40:58,1.543183333
2016-07-26 14:45:58,5.015616667
2016-07-26 15:31:58,4.309583333
2016-07-26 15:38:58,0.110883333
2016-07-26 17:09:58,3.217233333
2016-07-26 17:18:58,0.725266667
2016-07-26 17:41:58,1.03305
2016-07-26 18:13:58,5.495916667
2016-07-26 18:15:58,10.5323
2016-07-26 18:20:58,5.9477
2016-07-26 18:25:58,1.667566667
2016-07-26 18:31:58,4.621866667
2016-07-26 18:35:58,9.335616667
2016-07-26 18:39:58,4.868916667
2016-07-26 18:49:58,3.940983333
2016-07-26 18:57:58,10.96658333
2016-07-26 18:59:58,6.174616667
2016-07-26 19:08:58,0.558166667
2016-07-26 19:12:58,6.8754
2016-07-26 19:18:58,10.76771667
2016-07-26 19:29:58,0.803083333
2016-07-26 19:30:58,5.409966667
2016-07-26 19:47:58,7.86385
2016-07-26 20:00:58,1.0047
2016-07-26 20:08:58,10.00871667
2016-07-26 20:20:58,0.34335
2016-07-26 20:28:58,10.5726
2016-07-26 20:40:58,1.844116667
2016-07-26 20:49:58,9.226666667
2016-07-26 21:01:58,1.590783333
2016-07-26 21:10:58,11.1376
2016-07-26 21:21:58,5.08695
2016-07-26 21:31:58,8.176483333
2016-07-26 21:43:58,1.929733333
2016-07-26 21:52:58,4.984566667
2016-07-26 21:54:58,8.276166667
2016-07-26 22:04:58,2.621966667
2016-07-26 22:18:58,7.66315
2016-07-26 22:26:58,2.744533333
2016-07-26 22:42:58,8.739783333
2016-07-26 22:48:58,1.5966
2016-07-27 01:00:58,1.043283333
2016-07-27 01:17:58,4.020366667
2016-07-27 01:37:58,7.041066667
2016-07-27 01:40:58,9.2424
2016-07-27 02:03:58,6.817866667
2016-07-27 02:05:58,11.34866667
2016-07-27 02:12:58,1.375583333
2016-07-27 02:22:58,5.0059
2016-07-27 02:29:58,2.397666667
2016-07-27 03:11:58,5.606166667
2016-07-27 03:42:58,5.807383333
2016-07-27 03:47:58,1.131
2016-07-27 04:25:58,5.943083333
2016-07-27 04:30:58,1.34405
2016-07-27 05:10:58,5.77775
2016-07-27 06:05:58,5.876933333
2016-07-27 06:09:58,2.305916667
2016-07-27 07:26:58,4.5198
2016-07-27 07:31:58,1.4093
2016-07-27 09:20:58,5.62425
2016-07-27 09:29:58,1.090083333
2016-07-27 18:18:58,6.641616667
2016-07-27 18:23:58,2.1781
2016-07-27 18:42:58,6.78025
2016-07-27 18:49:58,0.448483333
2016-07-27 18:59:58,4.877883333
2016-07-27 19:11:58,0.908883333
2016-07-27 19:19:58,6.085733333
2016-07-27 19:33:58,0.972583333
2016-07-27 19:41:58,6.787766667
2016-07-27 19:56:58,2.688183333
2016-07-27 20:04:58,6.731433333
2016-07-27 20:24:58,3.372116667
2016-07-27 20:31:58,3.80725
2016-07-27 20:50:58,1.1933
2016-07-27 20:59:58,7.215366667
2016-07-27 21:13:58,3.755866667
2016-07-27 21:22:58,7.059266667
2016-07-27 21:32:58,1.888166667
2016-07-27 21:42:58,6.8886
2016-07-27 21:58:58,0.468333333
2016-07-27 22:05:58,4.845333333
2016-07-27 22:17:58,2.64185
2016-07-27 22:28:58,4.6308
2016-07-27 22:55:58,3.7998
2016-07-27 23:01:58,1.3504
2016-07-27 23:18:58,7.001
2016-07-27 23:37:58,1.974
2016-07-27 23:59:58,5.260566667
2016-07-28 00:04:58,1.620983333
2016-07-28 01:03:58,6.482566667
2016-07-28 01:29:58,2.8081
2016-07-28 01:31:58,6.32845
2016-07-28 01:48:58,1.843016667
2016-07-28 01:55:58,2.875433333
2016-07-28 03:05:58,5.992433333
2016-07-28 03:50:58,5.76345
2016-07-28 04:43:58,5.98295
2016-07-28 04:47:58,2.332416667
2016-07-28 05:50:58,4.275283333
2016-07-28 05:55:58,1.148083333
2016-07-28 07:31:58,4.000633333
2016-07-28 07:36:58,1.034
2016-07-28 16:38:58,7.0097
2016-07-28 16:43:58,4.016066667
2016-07-28 17:08:58,6.775383333
2016-07-28 17:14:58,1.241733333
2016-07-28 17:34:58,4.8351
2016-07-28 17:40:58,1.210516667
2016-07-28 18:01:58,5.756133333
2016-07-28 18:08:58,2.208166667
2016-07-28 18:21:58,5.7558
2016-07-28 18:26:58,10.60656667
2016-07-28 18:28:58,6.689033333
2016-07-28 18:37:58,8.765116667
2016-07-28 18:47:58,6.254766667
2016-07-28 18:56:58,10.65183333
2016-07-28 19:06:58,5.1406
2016-07-28 19:15:58,10.81551667
2016-07-28 19:26:58,4.348616667
2016-07-28 19:33:58,10.67921667
2016-07-28 19:43:58,6.672833333
2016-07-28 19:54:58,10.70441667
2016-07-28 20:02:58,4.628133333
2016-07-28 20:03:58,0.973716667
2016-07-28 20:16:58,9.67105
2016-07-28 20:23:58,5.628866667
2016-07-28 20:26:58,0.86685
2016-07-28 20:44:58,8.427533333
2016-07-28 20:50:58,2.968283333
2016-07-28 21:11:58,1.454483333
2016-07-28 21:19:58,4.132666667
2016-07-28 22:32:58,1.008716667
2016-07-29 00:09:58,4.52435
2016-07-29 00:42:58,0.849766667
2016-07-29 01:05:58,1.507866667
2016-07-29 02:46:58,5.869183333
2016-07-29 03:23:58,2.6204
2016-07-29 03:36:58,4.532816667
2016-07-29 03:43:58,1.132433333
2016-07-29 04:01:58,6.046366667
2016-07-29 04:07:58,1.13165
2016-07-29 04:28:58,6.198266667
2016-07-29 04:33:58,1.299466667
2016-07-29 04:58:58,4.250183333
2016-07-29 05:03:58,2.6414
2016-07-29 05:31:58,4.25735
2016-07-29 05:36:58,2.471816667
2016-07-29 06:17:58,5.876783333
2016-07-29 06:22:58,1.13915
2016-07-29 07:08:58,5.869266667
2016-07-29 08:02:58,5.682783333
2016-07-29 08:06:58,2.293816667
2016-07-29 09:28:58,5.838816667
2016-07-29 17:11:58,0.737783333
2016-07-29 17:41:58,4.678733333
2016-07-29 17:48:58,2.583783333
2016-07-29 18:06:58,6.699333333
2016-07-29 18:11:58,0.6806
2016-07-29 19:16:58,10.24166667
2016-07-29 19:37:58,8.3712
2016-07-29 19:49:58,4.579616667
2016-07-29 20:20:58,1.40335
2016-07-29 21:07:58,1.30795
2016-07-29 21:21:58,8.12365
2016-07-29 21:28:58,1.1812
2016-07-29 21:41:58,9.772133333
2016-07-29 21:50:58,2.86335
2016-07-29 22:02:58,9.7177
2016-07-29 22:11:58,2.803966667
2016-07-29 22:25:58,8.126483333
2016-07-29 22:33:58,2.2534
2016-07-29 22:51:58,5.326366667
2016-07-29 22:57:58,3.043883333
2016-07-29 23:08:58,0.908616667
2016-07-29 23:27:58,3.966783333
2016-07-29 23:34:58,0.70525
2016-07-29 23:55:58,4.264733333
2016-07-30 00:47:58,4.453316667
2016-07-30 01:16:58,9.9924
2016-07-30 01:33:58,1.447283333
2016-07-30 01:36:58,0.936316667
2016-07-30 01:49:58,7.877566667
2016-07-30 01:55:58,1.729516667
2016-07-30 02:17:58,9.0359
2016-07-30 02:27:58,2.906233333
2016-07-30 02:48:58,5.97305
2016-07-30 02:53:58,2.242316667
2016-07-30 03:09:58,5.97025
2016-07-30 03:15:58,0.917033333
2016-07-30 03:17:58,4.455933333
2016-07-30 03:19:58,1.090733333
2016-07-30 03:36:58,5.92485
2016-07-30 03:41:58,1.2627
2016-07-30 04:07:58,5.0221
2016-07-30 04:11:58,8.970366667
2016-07-30 05:01:58,1.201683333
2016-07-30 05:43:58,5.748166667
2016-07-30 06:55:58,5.661833333
2016-07-30 09:51:58,1.979283333
2016-07-30 15:37:58,0.6441
2016-07-30 15:38:58,5.248633333
2016-07-30 15:48:58,1.074516667
2016-07-30 15:51:58,5.724033333
2016-07-30 15:52:58,1.232116667
2016-07-30 16:08:58,4.698666667
2016-07-30 17:14:58,4.319183333
2016-07-30 17:37:58,1.417116667
2016-07-30 18:00:58,1.551016667
2016-07-30 18:16:58,5.392583333
2016-07-30 19:00:58,4.68165
2016-07-30 19:11:58,7.62775
2016-07-30 19:13:58,2.314733333
2016-07-30 19:18:58,8.490233333
2016-07-30 19:20:58,10.75673333
2016-07-30 19:44:58,10.76595
2016-07-30 20:06:58,14.71456667
2016-07-30 20:07:58,11.44253333
2016-07-30 20:13:58,5.5058
2016-07-30 20:15:58,1.311933333
2016-07-30 20:21:58,7.14355
2016-07-30 20:31:58,3.4524
2016-07-30 20:38:58,1.1318
2016-07-30 20:43:58,5.862516667
2016-07-30 20:59:58,1.6938
2016-07-30 21:06:58,6.979516667
2016-07-30 21:11:58,3.817716667
2016-07-30 21:49:58,5.957433333
2016-07-30 22:03:58,5.941066667
2016-07-30 22:10:58,1.131133333
2016-07-30 22:31:58,1.73395
2016-07-30 23:31:58,1.727883333
2016-07-30 23:43:58,6.414616667
2016-07-30 23:48:58,10.10065
2016-07-30 23:54:58,1.587183333
2016-07-31 00:06:58,6.688766667
2016-07-31 00:14:58,2.263133333
2016-07-31 00:29:58,10.3312
2016-07-31 00:36:58,2.060416667
2016-07-31 01:03:58,6.551283333
2016-07-31 01:09:58,5.695333333
2016-07-31 02:11:58,4.4767
2016-07-31 02:27:58,7.499616667
2016-07-31 02:35:58,11.68293333
2016-07-31 02:36:58,6.422666667
2016-07-31 02:55:58,2.982183333
2016-07-31 03:18:58,6.115733333
2016-07-31 03:23:58,2.980066667
2016-07-31 04:06:58,6.06905
2016-07-31 04:11:58,1.435516667
2016-07-31 04:51:58,6.107766667
2016-07-31 05:35:58,4.016016667
2016-07-31 05:40:58,0.63185
2016-07-31 06:29:58,4.13305
2016-07-31 06:33:58,8.82545
2016-07-31 06:34:58,4.730033333
2016-07-31 07:52:58,3.805583333
2016-07-31 09:46:58,5.652783333
2016-07-31 09:51:58,0.4002
2016-07-31 19:14:58,3.455033333
2016-08-01 13:02:58,3.365666667
2016-08-05 21:55:58,6.091183333
2016-08-05 21:56:58,0.539116667
2016-08-05 22:09:58,0.390733333
2016-08-05 22:16:58,5.715116667
2016-08-05 22:17:58,1.51455
2016-08-06 12:42:58,5.558783333
2016-08-06 12:43:58,1.045966667
2016-08-06 16:51:58,6.696983333
2016-08-06 17:35:58,2.856616667
2016-08-06 17:39:58,6.828116667
2016-08-06 18:08:58,4.009416667
2016-08-06 18:09:58,0.741183333
2016-08-06 18:14:58,6.375533333
2016-08-06 18:55:58,2.11365
2016-08-06 18:57:58,6.253483333
2016-08-06 19:01:58,2.936366667
2016-08-06 19:05:58,6.5949
2016-08-06 19:06:58,4.01145
2016-08-06 19:07:58,0.78915
2016-08-06 19:22:58,1.02435
2016-08-06 19:29:58,12.37106667
2016-08-06 19:47:58,7.192133333
2016-08-06 19:55:58,12.74105
2016-08-06 19:56:58,7.89935
2016-08-06 20:16:58,1.453016667
2016-08-06 20:44:58,3.44085
2016-08-06 20:51:58,5.787616667
2016-08-06 21:12:58,0.48045
2016-08-06 21:17:58,6.645666667
2016-08-06 21:35:58,2.13395
2016-08-06 21:42:58,6.545783333
2016-08-06 21:55:58,1.78665
2016-08-06 22:03:58,6.63295
2016-08-06 22:26:58,6.6324
2016-08-06 22:35:58,2.30575
2016-08-06 22:52:58,6.4078
2016-08-06 22:58:58,1.329466667
2016-08-07 01:49:58,4.288266667
2016-08-07 02:13:58,1.48425
2016-08-07 03:07:58,1.374033333
2016-08-07 03:39:58,5.84815
2016-08-07 03:44:58,2.03925
2016-08-07 04:30:58,6.0946
2016-08-07 04:34:58,1.401866667
2016-08-07 05:31:58,5.850733333
2016-08-07 06:44:58,5.912033333
2016-08-07 07:22:58,5.725216667
2016-08-07 08:16:58,5.938416667
2016-08-07 08:21:58,1.320633333
2016-08-07 09:34:58,5.500816667
2016-08-07 09:39:58,1.3957
2016-08-07 11:22:58,5.69175
2016-08-07 11:27:58,1.28875
2016-08-07 12:32:58,5.755966667
2016-08-07 12:37:58,1.1
2016-08-07 13:15:58,5.737866667
2016-08-07 13:49:58,5.612983333
2016-08-07 13:55:58,0.749133333
2016-08-07 14:16:58,6.363583333
2016-08-07 23:46:58,5.1164
2016-08-08 00:24:58,1.909233333
2016-08-08 00:43:58,5.628033333
2016-08-08 00:49:58,2.57125
2016-08-08 01:16:58,5.91485
2016-08-08 01:34:58,1.0406
2016-08-08 01:49:58,6.639066667
2016-08-08 01:55:58,1.912916667
2016-08-08 02:17:58,3.871866667
2016-08-08 02:23:58,1.323683333
2016-08-08 02:48:58,6.128016667
2016-08-08 02:53:58,1.582366667
2016-08-08 03:33:58,4.314966667
2016-08-08 04:53:58,6.249116667
2016-08-08 04:58:58,1.746783333
2016-08-08 06:59:58,5.652083333
2016-08-08 18:21:58,6.722733333
2016-08-08 19:59:58,1.490883333
2016-08-08 21:16:58,6.941766667
2016-08-08 22:33:58,2.95
2016-08-08 22:42:58,6.790533333
2016-08-08 22:52:58,1.315883333
2016-08-10 23:59:58,8.143933333
2016-08-11 00:51:58,1.011533333
2016-08-11 01:01:58,7.206083333
2016-08-11 01:08:58,1.856533333
2016-08-11 01:28:58,1.2577
2016-08-11 01:44:58,4.426316667
2016-08-11 01:52:58,1.830983333
2016-08-11 01:57:58,5.546183333
2016-08-11 02:08:58,1.215133333
2016-08-11 02:41:58,6.220633333
2016-08-11 02:48:58,0.646466667
2016-08-11 03:53:58,6.03975
2016-08-11 04:22:58,3.596816667
2016-08-11 04:28:58,1.91465
2016-08-11 04:52:58,6.200366667
2016-08-11 04:57:58,1.268466667
2016-08-11 05:21:58,5.9669
2016-08-11 05:56:58,6.009433333
2016-08-11 06:37:58,3.343216667
2016-08-11 06:43:58,1.733466667
2016-08-11 07:24:58,6.222433333
2016-08-11 08:08:58,5.917966667
2016-08-11 08:13:58,1.663933333
2016-08-11 08:57:58,3.4397
2016-08-11 09:02:58,2.758233333
2016-08-11 09:48:58,5.026516667
2016-08-11 09:53:58,1.11845
2016-08-11 11:09:58,6.82425
2016-08-11 11:53:58,7.128183333
2016-08-11 11:54:58,10.01471667
2016-08-11 11:59:58,6.664016667
2016-08-11 13:12:58,10.60416667
2016-08-11 13:17:58,2.666483333
2016-08-11 13:30:58,3.946516667
2016-08-11 13:46:58,5.865366667
2016-08-11 13:52:58,1.5621
2016-08-11 14:18:58,5.65275
2016-08-11 14:25:58,2.019333333
2016-08-11 14:40:58,3.989516667
2016-08-11 14:46:58,1.169216667
2016-08-11 14:50:58,5.828283333
2016-08-11 14:56:58,1.0379
2016-08-11 15:19:58,3.5612
2016-08-11 15:20:58,6.75985
2016-08-11 15:23:58,9.2538
2016-08-11 15:47:58,9.94155
2016-08-11 15:49:58,6.1188
2016-08-11 15:55:58,0.905616667
2016-08-11 16:11:58,5.305683333
2016-08-11 16:18:58,9.689483333
2016-08-11 16:25:58,1.145716667
2016-08-11 16:37:58,7.50055
2016-08-11 16:38:58,10.91236667
2016-08-11 16:48:58,1.88595
2016-08-11 16:59:58,10.15931667
2016-08-11 17:09:58,2.148333333
2016-08-11 17:24:58,9.913116667
2016-08-11 17:36:58,1.276333333
2016-08-11 17:48:58,10.94815
2016-08-11 17:58:58,0.899516667
2016-08-11 18:05:58,10.70406667
2016-08-11 18:22:58,10.72256667
2016-08-11 18:50:58,8.87455
2016-08-11 18:55:58,7.020333333
2016-08-11 19:45:58,5.828666667
2016-08-11 19:51:58,1.295683333
2016-08-11 19:56:58,4.913
2016-08-11 19:59:58,9.577216667
2016-08-11 20:03:58,5.79765
2016-08-11 20:09:58,0.517266667
2016-08-11 20:18:58,5.100966667
2016-08-11 20:19:58,10.54498333
2016-08-11 20:27:58,3.932633333
2016-08-11 20:53:58,1.68015
2016-08-11 21:22:58,9.319216667
2016-08-11 21:43:58,0.82605
2016-08-12 01:22:58,7.105866667
2016-08-12 01:31:58,10.44823333
2016-08-12 01:33:58,6.767316667
2016-08-12 02:03:58,1.5403
2016-08-12 02:18:58,1.05965
2016-08-12 02:28:58,3.982333333
2016-08-12 02:34:58,0.6177
2016-08-12 02:47:58,6.389033333
2016-08-12 03:24:58,6.571566667
2016-08-12 03:30:58,2.9696
2016-08-12 03:50:58,6.185366667
2016-08-12 03:56:58,1.210716667
2016-08-12 04:23:58,6.691783333
2016-08-12 04:28:58,3.066683333
2016-08-12 04:55:58,6.321833333
2016-08-12 04:56:58,9.680233333
2016-08-12 05:00:58,5.77785
2016-08-12 05:01:58,1.418966667
2016-08-12 05:32:58,4.239733333
2016-08-12 05:38:58,0.5131
2016-08-12 05:57:58,0.929066667
2016-08-12 06:15:58,6.120916667
2016-08-12 06:20:58,2.7398
2016-08-12 07:02:58,4.326983333
2016-08-12 07:07:58,0.83305
2016-08-12 07:48:58,6.02765
2016-08-12 08:51:58,6.25805
2016-08-12 08:56:58,0.68855
2016-08-12 09:51:58,6.20065
2016-08-12 10:48:58,5.78835
2016-08-12 13:40:58,5.595266667
2016-08-12 13:46:58,1.21555
2016-08-12 14:08:58,4.512433333
2016-08-12 14:32:58,5.348866667
2016-08-12 14:38:58,1.0033
2016-08-12 14:56:58,4.238866667
2016-08-12 15:02:58,0.092283333
2016-08-12 15:19:58,9.29735
2016-08-12 15:25:58,5.864116667
2016-08-12 15:26:58,1.018483333
2016-08-12 15:46:58,9.228383333
2016-08-12 15:53:58,1.890433333
2016-08-12 16:06:58,7.082783333
2016-08-12 16:12:58,9.499633333
2016-08-12 16:20:58,0.239883333
2016-08-12 16:27:58,6.96035
2016-08-12 16:35:58,5.3123
2016-08-12 16:41:58,1.42555
2016-08-12 17:04:58,0.543633333
2016-08-12 17:17:58,6.823433333
2016-08-12 17:55:58,5.226983333
2016-08-12 18:30:58,6.355883333
2016-08-12 19:03:58,3.58705
2016-08-12 19:35:58,3.618516667
2016-08-12 19:37:58,8.723833333
2016-08-12 19:45:58,1.183583333
2016-08-12 19:55:58,4.370016667
2016-08-12 20:17:58,0.528666667
2016-08-12 20:24:58,6.688966667
2016-08-12 20:26:58,8.9012
2016-08-12 20:36:58,1.67685
2016-08-12 20:50:58,5.668616667
2016-08-12 20:57:58,4.76075
2016-08-12 22:02:58,4.18245
2016-08-12 22:33:58,3.8761
2016-08-12 22:38:58,0.003883333
2016-08-13 00:06:58,0.962433333
2016-08-13 01:07:58,5.146866667
2016-08-13 01:29:58,1.678116667
2016-08-13 01:49:58,6.918916667
2016-08-13 01:55:58,0.994866667
2016-08-13 02:21:58,6.838483333
2016-08-13 02:33:58,3.1427
2016-08-13 03:00:58,1.837983333
2016-08-13 03:24:58,6.32965
2016-08-13 03:29:58,2.21585
2016-08-13 03:57:58,6.317683333
2016-08-13 04:02:58,2.2922
2016-08-13 04:36:58,6.401983333
2016-08-13 05:22:58,6.360416667
2016-08-13 05:27:58,2.275666667
2016-08-13 06:07:58,4.382516667
2016-08-13 06:52:58,5.081416667
2016-08-13 06:57:58,1.39575
2016-08-13 07:44:58,6.259666667
2016-08-13 08:45:58,5.79505
2016-08-13 08:46:58,9.030916667
2016-08-13 08:50:58,3.51215
2016-08-13 09:48:58,5.07845
2016-08-13 09:53:58,1.350716667
2016-08-13 10:59:58,6.584566667
2016-08-13 11:04:58,1.648666667
2016-08-13 13:50:58,6.639483333
2016-08-13 14:18:58,3.319033333
2016-08-13 14:19:58,6.63545
2016-08-13 14:24:58,1.938633333
2016-08-13 14:28:58,4.192816667
2016-08-13 14:34:58,0.322233333
2016-08-13 14:51:58,6.415983333
2016-08-13 14:56:58,1.894516667
2016-08-13 15:26:58,0.814116667
2016-08-13 15:43:58,5.892233333
2016-08-13 15:48:58,11.26311667
2016-08-13 15:50:58,6.151283333
2016-08-13 16:03:58,6.92315
2016-08-13 16:11:58,1.335883333
2016-08-13 16:15:58,4.0243
2016-08-13 16:32:58,1.262166667
2016-08-13 16:42:58,11.08793333
2016-08-13 16:53:58,1.724483333
2016-08-13 17:03:58,6.344733333
2016-08-13 17:06:58,12.67061667
2016-08-13 17:20:58,0.911966667
2016-08-13 17:43:58,1.2296
2016-08-13 17:50:58,7.623566667
2016-08-13 18:00:58,7.541183333
2016-08-13 18:12:58,2.1489
2016-08-13 18:17:58,10.48875
2016-08-13 18:34:58,11.39485
2016-08-13 18:55:58,10.85625
2016-08-13 19:17:58,10.83303333
2016-08-13 19:38:58,11.19256667
2016-08-13 20:41:58,10.7776
2016-08-13 20:58:58,2.5539
2016-08-13 21:06:58,12.61913333
2016-08-13 21:13:58,8.973316667
2016-08-13 21:25:58,11.51726667
2016-08-13 21:34:58,1.553616667
2016-08-13 21:35:58,7.222016667
2016-08-13 21:52:58,5.36925
2016-08-13 21:55:58,1.06225
2016-08-13 21:59:58,7.1878
2016-08-13 22:08:58,10.54786667
2016-08-13 22:10:58,7.316583333
2016-08-13 22:21:58,7.323083333
2016-08-13 22:28:58,2.357333333
2016-08-13 22:38:58,2.32275
2016-08-13 22:49:58,2.82415
2016-08-13 22:58:58,11.03738333
2016-08-13 23:03:58,3.14645
2016-08-13 23:10:58,6.623533333
2016-08-13 23:16:58,2.324783333
2016-08-13 23:49:58,9.330933333
2016-08-13 23:55:58,1.459233333
2016-08-14 00:11:58,4.1545
2016-08-14 00:36:58,9.768916667
2016-08-14 00:41:58,6.777583333
2016-08-14 01:07:58,0.912933333
2016-08-14 01:17:58,9.025883333
2016-08-14 01:35:58,2.984916667
2016-08-14 01:49:58,0.89285
2016-08-14 01:53:58,6.245766667
2016-08-14 01:58:58,1.601433333
2016-08-14 02:32:58,1.408566667
2016-08-14 02:33:58,6.69835
2016-08-14 02:38:58,1.867533333
2016-08-14 03:15:58,9.902333333
2016-08-14 03:26:58,1.284433333
2016-08-14 03:44:58,9.498566667
2016-08-14 03:49:58,3.0759
2016-08-14 04:17:58,5.977166667
2016-08-14 04:56:58,6.482666667
2016-08-14 05:01:58,1.499233333
2016-08-14 05:40:58,7.453416667
2016-08-14 05:46:58,0.816316667
2016-08-14 06:24:58,6.103133333
2016-08-14 06:29:58,0.918183333
2016-08-14 07:07:58,6.2448
2016-08-14 07:11:58,2.921483333
2016-08-14 07:48:58,6.374066667
2016-08-14 07:52:58,2.37545
2016-08-14 08:36:58,5.757616667
2016-08-14 08:41:58,1.235983333
2016-08-14 09:49:58,1.379133333
2016-08-14 10:39:58,6.302583333
2016-08-14 11:01:58,4.317516667
2016-08-14 11:35:58,6.32625
2016-08-14 11:38:58,9.948733333
2016-08-14 12:44:58,5.0743
2016-08-14 13:34:58,4.578383333
2016-08-14 13:37:58,7.30525
2016-08-14 13:38:58,10.69356667
2016-08-14 13:43:58,1.893016667
2016-08-14 14:01:58,0.753116667
2016-08-14 14:15:58,3.69815
2016-08-14 14:22:58,8.89445
2016-08-14 14:27:58,2.334166667
2016-08-14 14:44:58,0.537283333
2016-08-14 14:51:58,5.36945
2016-08-14 15:19:58,4.4222
2016-08-14 15:23:58,3.97715
2016-08-14 15:24:58,7.530616667
2016-08-14 15:30:58,2.311033333
2016-08-14 15:47:58,7.902216667
2016-08-14 15:54:58,3.339883333
2016-08-14 16:09:58,6.422366667
2016-08-14 16:17:58,1.219283333
2016-08-14 16:30:58,4.644883333
2016-08-14 16:39:58,0.392616667
2016-08-14 16:48:58,6.4615
2016-08-14 17:09:58,6.935416667
2016-08-14 17:21:58,1.13765
2016-08-14 17:29:58,6.206133333
2016-08-14 17:49:58,2.021666667
2016-08-14 17:55:58,5.7066
2016-08-14 18:17:58,1.095083333
2016-08-14 18:25:58,4.6655
2016-08-14 18:26:58,9.053483333
2016-08-14 18:48:58,7.59525
2016-08-14 19:26:58,7.925766667
2016-08-14 20:03:58,1.198483333
2016-08-14 20:11:58,8.3738
2016-08-14 20:20:58,1.647066667
2016-08-14 20:38:58,9.927733333
2016-08-14 20:44:58,7.158933333
2016-08-14 20:45:58,1.902033333
2016-08-14 21:13:58,10.7652
2016-08-14 21:19:58,1.089816667
2016-08-14 21:52:58,6.692433333
2016-08-14 21:58:58,3.565933333
2016-08-15 02:07:58,11.06658333
2016-08-15 02:38:58,3.5998
2016-08-15 02:51:58,9.581083333
2016-08-15 02:58:58,2.001516667
2016-08-15 03:14:58,10.39306667
2016-08-15 03:20:58,2.481016667
2016-08-15 03:40:58,9.095583333
2016-08-15 03:45:58,3.527183333
2016-08-15 04:08:58,1.130766667
2016-08-15 04:14:58,6.190016667
2016-08-15 04:19:58,1.3788
2016-08-15 04:53:58,7.364183333
2016-08-15 04:59:58,1.39915
2016-08-15 05:39:58,4.776283333
2016-08-15 06:24:58,6.116566667
2016-08-15 06:29:58,1.438416667
2016-08-15 07:26:58,3.747983333
2016-08-15 07:31:58,1.643066667
2016-08-15 08:53:58,6.090766667
2016-08-15 10:29:58,5.24225
2016-08-15 10:34:58,1.435066667
2016-08-15 11:39:58,5.8973
2016-08-15 11:44:58,1.978833333
2016-08-15 12:13:58,4.300183333
2016-08-15 12:14:58,1.566083333
2016-08-15 12:42:58,4.262783333
2016-08-15 14:04:58,4.338233333
2016-08-15 15:45:58,6.498016667
2016-08-15 15:47:58,10.05005
2016-08-15 16:11:58,4.260133333
2016-08-15 16:15:58,10.80801667
2016-08-15 16:21:58,3.371316667
2016-08-15 16:33:58,4.3358
2016-08-15 16:36:58,8.161366667
2016-08-15 16:43:58,1.4474
2016-08-15 16:57:58,10.34696667
2016-08-15 17:04:58,1.740916667
2016-08-15 17:17:58,9.891766667
2016-08-15 17:27:58,3.191616667
2016-08-15 17:36:58,9.485733333
2016-08-15 17:53:58,2.169516667
2016-08-15 18:00:58,10.5382
2016-08-15 18:24:58,1.070716667
2016-08-15 18:25:58,6.768033333
2016-08-15 18:33:58,1.021583333
2016-08-15 18:53:58,3.026983333
2016-08-15 19:08:58,6.467666667
2016-08-15 19:14:58,1.585166667
2016-08-15 19:26:58,0.821416667
2016-08-15 19:35:58,6.503933333
2016-08-15 19:55:58,4.910266667
2016-08-15 20:02:58,10.16723333
2016-08-15 20:05:58,6.146933333
2016-08-15 20:11:58,0.485116667
2016-08-15 20:17:58,6.45705
2016-08-15 20:30:58,5.041916667
2016-08-15 20:39:58,7.4073
2016-08-15 20:43:58,10.71491667
2016-08-15 20:50:58,5.339633333
2016-08-15 20:52:58,0.983916667
2016-08-15 21:06:58,9.853866667
2016-08-15 21:07:58,13.31183333
2016-08-15 21:14:58,2.5181
2016-08-15 21:32:58,1.153666667
2016-08-15 22:27:58,4.1882
2016-08-15 22:35:58,0.974483333
2016-08-15 23:44:58,0.95705
2016-08-16 00:01:58,5.0548
2016-08-16 01:19:58,5.163616667
2016-08-16 02:09:58,6.697366667
2016-08-16 02:34:58,2.697266667
2016-08-16 02:50:58,5.7644
2016-08-16 02:56:58,1.289833333
2016-08-16 03:18:58,6.163616667
2016-08-16 03:23:58,2.662316667
2016-08-16 03:52:58,6.53635
2016-08-16 03:57:58,1.99095
2016-08-16 04:38:58,6.0396
2016-08-16 04:43:58,2.696566667
2016-08-16 05:24:58,5.859516667
2016-08-16 06:24:58,5.993333333
2016-08-16 06:28:58,2.61115
2016-08-16 07:50:58,5.8978
2016-08-16 14:55:58,0.3959
2016-08-16 15:21:58,0.428683333
2016-08-16 16:12:58,1.028716667
2016-08-16 17:01:58,1.545416667
2016-08-16 17:49:58,0.79915
2016-08-16 18:34:58,7.184633333
2016-08-16 18:35:58,9.756016667
2016-08-16 18:46:58,2.52625
2016-08-16 18:52:58,6.00815
2016-08-16 18:53:58,10.35131667
2016-08-16 19:02:58,1.667016667
2016-08-16 20:22:58,10.3374
2016-08-16 20:29:58,3.1622
2016-08-16 20:50:58,8.123083333
2016-08-16 20:51:58,10.72403333
2016-08-16 20:58:58,1.189783333
2016-08-16 21:25:58,6.015533333
2016-08-16 21:32:58,1.973433333
2016-08-16 22:10:58,1.007583333
2016-08-16 22:37:58,1.101
2016-08-17 00:44:58,3.97175
2016-08-17 01:45:58,4.620283333
2016-08-17 02:45:58,7.700466667
2016-08-17 03:07:58,10.44751667
2016-08-17 03:16:58,1.7827
2016-08-17 03:31:58,5.741083333
2016-08-17 03:59:58,6.382
2016-08-17 04:28:58,6.1686
2016-08-17 04:31:58,10.3577
2016-08-17 04:33:58,4.79075
2016-08-17 05:02:58,6.091233333
2016-08-17 05:07:58,1.1545
2016-08-17 05:39:58,6.22325
2016-08-17 06:25:58,5.360766667
2016-08-17 06:47:58,3.4284
2016-08-17 07:09:58,4.586883333
2016-08-17 07:14:58,2.784416667
2016-08-17 07:54:58,6.163483333
2016-08-17 08:58:58,4.4748
2016-08-17 09:03:58,2.72995
2016-08-17 10:04:58,5.9569
2016-08-17 16:34:58,4.564283333
2016-08-17 16:58:58,6.22775
2016-08-17 17:04:58,1.92095
2016-08-17 17:21:58,5.706966667
2016-08-17 17:30:58,0.99185
2016-08-17 17:39:58,10.19651667
2016-08-17 18:02:58,10.18086667
2016-08-17 18:11:58,1.126166667
2016-08-17 18:32:58,7.1832
2016-08-17 18:38:58,1.155916667
2016-08-17 19:04:58,3.57755
2016-08-17 19:11:58,1.17185
2016-08-17 19:21:58,9.392466667
2016-08-17 19:42:58,6.263716667
2016-08-17 19:55:58,1.176766667
2016-08-17 20:09:58,9.228733333
2016-08-17 20:22:58,1.156583333
2016-08-17 20:29:58,9.478666667
2016-08-17 20:45:58,10.4444
2016-08-17 20:56:58,6.70955
2016-08-17 21:09:58,3.99005
2016-08-17 21:30:58,6.654833333
2016-08-17 21:35:58,5.071266667
2016-08-17 21:58:58,4.5544
2016-08-17 22:05:58,0.486
2016-08-18 02:44:58,9.393083333
2016-08-18 03:24:58,5.910916667
2016-08-18 03:30:58,1.209233333
2016-08-18 03:58:58,4.846233333
2016-08-18 04:44:58,3.8279
2016-08-18 05:41:58,5.702916667
2016-08-18 17:58:58,0.3866
2016-08-18 18:34:58,3.603166667
2016-08-18 18:44:58,0.809616667
2016-08-18 19:05:58,1.145166667
2016-08-18 19:36:58,3.924566667
2016-08-18 19:57:58,4.18705
2016-08-18 20:09:58,0.6797
2016-08-18 20:29:58,1.0247
2016-08-18 21:11:58,1.752083333
2016-08-18 21:20:58,6.21115
2016-08-18 21:42:58,4.86345
2016-08-18 21:47:58,8.100383333
2016-08-18 21:48:58,10.74573333
2016-08-18 22:03:58,9.7972
2016-08-18 23:12:58,5.878866667
2016-08-18 23:13:58,1.535533333
2016-08-18 23:24:58,5.71245
2016-08-18 23:26:58,9.832366667
2016-08-18 23:34:58,0.7267
2016-08-18 23:48:58,4.9244
2016-08-19 00:03:58,1.73205
2016-08-19 00:39:58,3.99485
2016-08-19 02:44:58,3.6576
2016-08-19 03:21:58,2.183066667
2016-08-19 03:31:58,0.769116667
2016-08-19 03:43:58,1.187666667
2016-08-19 04:05:58,4.8046
2016-08-19 04:11:58,1.86875
2016-08-19 04:37:58,3.790166667
2016-08-19 04:41:58,9.1563
2016-08-19 05:51:58,5.6648
2016-08-19 05:56:58,1.0358
2016-08-19 06:51:58,5.8586
2016-08-19 08:47:58,5.887533333
2016-08-19 17:42:58,4.264683333
2016-08-19 19:16:58,1.304783333
2016-08-19 19:45:58,4.884583333
2016-08-19 20:06:58,3.8679
2016-08-19 21:02:58,1.2187
2016-08-19 21:45:58,7.043783333
2016-08-19 21:54:58,10.62253333
2016-08-19 22:14:58,10.33723333
2016-08-19 23:03:58,6.609483333
2016-08-19 23:12:58,1.461916667
2016-08-19 23:32:58,1.283766667
2016-08-19 23:58:58,6.101966667
2016-08-20 01:15:58,4.2319
2016-08-20 13:40:58,5.73865
2016-08-20 13:41:58,2.202183333
2016-08-20 17:28:58,3.179916667
2016-08-20 17:29:58,6.97345
2016-08-20 17:38:58,1.419483333
2016-08-20 17:47:58,4.185583333
2016-08-20 18:00:58,1.748583333
2016-08-20 18:07:58,6.44165
2016-08-20 18:48:58,1.69385
2016-08-20 18:53:58,5.493666667
2016-08-20 20:05:58,1.247
2016-08-20 20:11:58,4.433416667
2016-08-22 02:26:58,5.888966667
2016-08-22 03:11:58,1.982583333
2016-08-22 03:23:58,6.173516667
2016-08-22 03:46:58,4.403733333
2016-08-22 04:13:58,5.601966667
2016-08-22 04:44:58,4.288233333
2016-08-22 04:49:58,2.08085
2016-08-22 05:16:58,4.22335
2016-08-22 05:21:58,2.3271
2016-08-22 06:02:58,5.6454
2016-08-22 07:00:58,5.741266667
2016-08-22 07:04:58,1.44555
2016-08-22 09:02:58,5.597916667
2016-08-25 18:43:58,3.89015
2016-08-25 20:25:58,1.1318
2016-08-25 21:26:58,1.103916667
2016-08-25 21:40:58,1.28115
2016-08-26 10:41:58,3.8205
2016-08-29 00:01:58,4.646283333
2016-08-29 01:09:58,2.995283333
2016-08-29 01:19:58,5.419416667
2016-08-29 01:28:58,1.9915
2016-08-29 01:40:58,5.2235
2016-08-29 01:48:58,1.6112
2016-08-29 01:53:58,7.180083333
2016-08-29 02:13:58,1.49045
2016-08-29 02:24:58,6.515316667
2016-08-29 02:32:58,0.775683333
2016-08-29 02:44:58,6.231433333
2016-08-29 03:07:58,4.653883333
2016-08-29 03:14:58,0.785
2016-08-29 03:31:58,6.327566667
2016-08-29 03:37:58,1.569233333
2016-08-29 03:57:58,4.885583333
2016-08-29 04:03:58,1.561016667
2016-08-29 04:25:58,6.2633
2016-08-29 04:31:58,1.538433333
2016-08-29 04:56:58,6.24605
2016-08-29 05:01:58,1.87525
2016-08-29 05:32:58,6.146766667
2016-08-29 05:37:58,1.295433333
2016-08-29 06:12:58,4.271616667
2016-08-29 06:18:58,1.432483333
2016-08-29 07:01:58,6.128583333
2016-08-29 07:05:58,2.683983333
2016-08-29 07:56:58,6.1589
2016-08-29 09:00:58,4.619283333
2016-08-29 09:05:58,2.183283333
2016-08-29 10:21:58,4.4168
2016-08-29 10:26:58,2.8263
2016-08-29 11:27:58,6.4835
2016-08-29 11:32:58,2.175416667
2016-08-29 11:55:58,6.055816667
2016-08-29 12:00:58,0.5113
2016-08-29 12:34:58,4.470316667
2016-08-29 13:01:58,4.88315
2016-08-29 13:07:58,2.970866667
2016-08-29 14:14:58,1.095866667
2016-08-29 14:59:58,3.723533333
2016-08-29 15:42:58,8.968266667
2016-08-29 15:48:58,1.857916667
2016-08-29 16:10:58,5.021966667
2016-08-29 16:16:58,1.8509
2016-08-29 16:27:58,1.204283333
2016-08-29 16:32:58,6.663183333
2016-08-29 16:40:58,0.98175
2016-08-29 16:52:58,7.8317
2016-08-29 17:02:58,1.156116667
2016-08-29 17:09:58,8.017916667
2016-08-29 17:27:58,5.144116667
2016-08-29 17:45:58,10.84891667
2016-08-29 18:06:58,10.8375
2016-08-29 18:36:58,1.581683333
2016-08-29 18:41:58,7.445683333
2016-08-29 19:18:58,7.334566667
2016-08-29 20:10:58,10.90876667
2016-08-29 20:30:58,1.248633333
2016-08-29 20:36:58,10.62986667
2016-08-29 20:59:58,4.822416667
2016-08-29 21:05:58,9.629583333
2016-08-29 21:06:58,7.316666667
2016-08-29 21:17:58,10.26611667
2016-08-29 21:25:58,1.283366667
2016-08-29 21:27:58,6.57425
2016-08-29 21:37:58,2.720633333
2016-08-29 21:47:58,6.520133333
2016-08-29 21:56:58,1.200433333
2016-08-29 22:08:58,5.888583333
2016-08-29 22:14:58,3.400316667
2016-08-29 23:11:58,3.741866667
2016-08-30 00:09:58,4.192016667
2016-08-30 02:24:58,4.324733333
2016-08-30 02:38:58,3.231916667
2016-08-30 03:22:58,5.795433333
2016-08-30 03:27:58,1.38275
2016-08-30 18:32:58,3.159866667
2016-08-30 18:39:58,0.446916667
2016-08-30 18:58:58,3.449783333
2016-08-30 19:41:58,3.50465
2016-08-30 19:50:58,0.729666667
2016-08-30 20:04:58,3.8743
2016-08-30 20:47:58,3.954516667
2016-08-30 22:20:58,0.626333333
2016-09-02 07:51:58,0.383183333
2016-09-03 21:02:58,3.980733333
2016-09-03 21:33:58,5.256933333
2016-09-03 21:43:58,4.776666667
2016-09-03 21:52:58,1.153533333
2016-09-04 00:28:58,5.041966667
2016-09-04 00:29:58,0.817683333
2016-09-04 03:47:58,3.263833333
2016-09-04 07:06:58,5.062966667
2016-09-04 07:07:58,0.584433333
2016-09-04 10:23:58,3.747883333
2016-09-04 12:57:58,3.596283333
2016-09-04 13:06:58,4.465666667
2016-09-04 13:11:58,4.573216667
2016-09-04 13:12:58,1.290216667
2016-09-04 17:14:58,5.75655
2016-09-04 18:13:58,3.45135
2016-09-04 18:15:58,0.545483333
2016-09-04 19:22:58,6.372616667
2016-09-04 19:23:58,1.190283333
2016-09-05 20:11:58,5.105816667
2016-09-05 21:32:58,5.534016667
2016-09-08 20:27:58,4.60415
2016-09-08 20:37:58,6.005883333
2016-09-08 20:38:58,0.928716667
2016-09-08 21:01:58,5.962216667
2016-09-08 21:02:58,0.717283333
2016-09-08 21:20:58,0.55545
2016-09-09 01:31:58,5.24115
2016-09-09 02:19:58,2.34175
2016-09-09 02:45:58,6.489466667
2016-09-09 02:51:58,2.498833333
2016-09-09 03:12:58,6.276466667
2016-09-09 03:41:58,6.131433333
2016-09-09 04:11:58,6.3489
2016-09-09 04:16:58,1.680916667
2016-09-09 04:46:58,6.066283333
2016-09-09 04:51:58,1.0518
2016-09-09 05:27:58,4.79315
2016-09-09 05:33:58,1.440983333
2016-09-09 06:09:58,4.468583333
2016-09-09 06:14:58,0.42385
2016-09-09 06:56:58,6.071533333
2016-09-09 07:54:58,4.540983333
2016-09-09 07:59:58,0.853016667
2016-09-09 09:04:58,4.51365
2016-09-09 09:09:58,2.412166667
2016-09-09 13:02:58,6.341716667
2016-09-09 13:07:58,1.17805
2016-09-09 13:57:58,5.117033333
2016-09-09 14:02:58,0.985633333
2016-09-09 14:46:58,10.14276667
2016-09-09 14:51:58,4.836333333
2016-09-09 15:28:58,0.631266667
2016-09-09 15:55:58,5.38915
2016-09-09 16:01:58,5.900133333
2016-09-09 16:18:58,5.17765
2016-09-09 16:19:58,10.22925
2016-09-09 16:30:58,0.34415
2016-09-09 16:39:58,6.968333333
2016-09-09 16:40:58,10.46023333
2016-09-09 16:47:58,6.98375
2016-09-09 16:58:58,6.734616667
2016-09-09 17:10:58,4.097983333
2016-09-09 17:18:58,7.037033333
2016-09-09 17:30:58,1.13635
2016-09-09 17:51:58,0.89935
2016-09-09 18:28:58,12.37901667
2016-09-09 18:29:58,9.049183333
2016-09-09 19:37:58,3.670133333
2016-09-09 19:38:58,0.47935
2016-09-09 20:07:58,0.332183333
2016-09-09 20:22:58,6.512483333
2016-09-09 20:28:58,1.857266667
2016-09-09 21:11:58,6.614816667
2016-09-09 21:17:58,1.324183333
2016-09-10 01:14:58,5.037566667
2016-09-10 01:43:58,2.533
2016-09-10 01:58:58,6.1638
2016-09-10 02:24:58,6.004766667
2016-09-10 02:29:58,2.437933333
2016-09-10 02:56:58,6.053316667
2016-09-10 03:32:58,4.28265
2016-09-10 06:22:58,5.360316667
2016-09-10 06:27:58,1.8539
2016-09-10 18:11:58,6.498033333
2016-09-10 19:38:58,1.08325
2016-09-10 19:49:58,6.65065
2016-09-10 19:55:58,2.32115
2016-09-11 01:35:58,6.35625
2016-09-11 02:09:58,1.20705
2016-09-11 02:22:58,6.38685
2016-09-11 02:28:58,2.329183333
2016-09-11 02:46:58,6.047383333
2016-09-11 02:52:58,0.362983333
2016-09-11 03:11:58,5.27445
2016-09-11 03:42:58,6.05585
2016-09-11 03:47:58,1.195783333
2016-09-11 04:18:58,6.1381
2016-09-11 04:23:58,1.195016667
2016-09-11 05:00:58,4.428733333
2016-09-11 05:06:58,1.2884
2016-09-11 06:32:58,4.362466667
2016-09-11 06:37:58,1.201416667
2016-09-11 07:23:58,6.103683333
2016-09-11 08:15:58,6.156566667
2016-09-11 09:18:58,4.28145
2016-09-11 09:23:58,1.802966667
2016-09-11 10:24:58,5.860766667
2016-09-11 10:29:58,1.115333333
2016-09-11 11:32:58,6.8051
2016-09-11 11:35:58,0.436616667
2016-09-11 14:33:58,5.610766667
2016-09-11 14:35:58,0.438483333
2016-09-11 15:12:58,5.233916667
2016-09-11 15:13:58,2.1488
2016-09-11 16:03:58,5.0601
2016-09-11 16:04:58,0.952933333
2016-09-11 17:12:58,4.837433333
2016-09-11 17:14:58,0.502883333
2016-09-11 17:25:58,5.69255
2016-09-11 17:26:58,2.3707
2016-09-11 18:59:58,2.887666667
2016-09-11 19:13:58,5.176066667
2016-09-11 19:14:58,0.862666667
2016-09-11 19:24:58,4.223216667
2016-09-11 19:35:58,4.780933333
2016-09-11 19:37:58,0.709566667
2016-09-11 19:41:58,4.575866667
2016-09-11 19:42:58,1.31805
2016-09-11 19:50:58,5.48035
2016-09-11 19:51:58,0.844016667
2016-09-11 19:55:58,5.816183333
2016-09-11 19:56:58,1.073133333
2016-09-11 19:58:58,5.803716667
2016-09-11 19:59:58,0.69415
2016-09-11 20:02:58,5.809966667
2016-09-11 20:03:58,2.831916667
2016-09-11 20:15:58,0.891083333
2016-09-11 20:30:58,5.2996
2016-09-11 20:31:58,0.80255
2016-09-11 20:36:58,5.261783333
2016-09-11 20:37:58,2.490066667
2016-09-11 20:53:58,0.795116667
2016-09-11 20:57:58,5.900066667
2016-09-11 20:59:58,0.814416667
2016-09-11 21:00:58,4.86425
2016-09-11 21:02:58,0.80925
2016-09-11 21:26:58,7.81435
2016-09-11 21:27:58,4.753016667
2016-09-11 22:13:58,4.6846
2016-09-15 14:07:58,4.150783333
2016-09-19 13:03:58,1.343616667
2016-09-24 20:22:58,9.338516667
2016-09-24 20:23:58,4.0116
2016-09-24 20:38:58,9.142033333
2016-09-24 20:39:58,3.794383333
2016-09-25 14:06:58,5.734416667
2016-09-25 14:07:58,0.51795
2016-10-01 02:00:58,0.332566667
2016-10-01 18:42:58,4.495483333
2016-10-01 18:44:58,0.780733333
2016-10-07 14:01:58,4.86625
2016-10-07 14:02:58,0.21275
2016-10-07 14:09:58,5.0391
2016-10-07 14:10:58,0.084116667
2016-10-07 14:13:58,3.640216667
2016-10-09 15:08:58,5.402216667
2016-10-09 15:12:58,4.3722
2016-10-09 15:13:58,0.98295
2016-10-09 15:15:58,4.367966667
2016-10-09 15:16:58,1.185366667
2016-10-10 16:54:58,5.932816667
2016-10-10 16:55:58,0.093633333
2016-10-10 18:56:58,5.731833333
2016-10-10 18:57:58,0.22375
2016-10-10 20:46:58,1.798816667
2016-10-15 14:54:58,0.43645
2016-10-15 15:10:58,4.4269
2016-10-15 15:12:58,0.531583333
2016-10-15 17:07:58,6.180033333
2016-10-15 17:08:58,1.014633333
2016-10-15 18:47:58,4.929783333
2016-10-15 18:48:58,1.777266667
2016-10-15 19:17:58,5.0735
2016-10-15 19:18:58,0.4971
2016-10-15 19:37:58,0.682866667
2016-10-15 20:39:58,4.6613
2016-10-15 20:40:58,1.92575
2016-10-15 21:13:58,5.562533333
2016-10-15 22:04:58,8.9398
2016-10-15 22:05:58,1.24015
2016-10-16 14:14:58,6.509616667
2016-10-16 14:15:58,0.850466667
2016-10-16 14:33:58,5.994683333
2016-10-16 14:34:58,0.669733333
2016-10-16 14:47:58,3.418916667
2016-10-16 14:49:58,0.386216667
2016-10-16 15:05:58,5.306866667
2016-10-16 15:06:58,0.457616667
2016-10-16 15:13:58,0.555
2016-10-16 17:18:58,5.377833333
2016-10-16 17:19:58,1.134933333
2016-10-16 19:31:58,3.614666667
2016-10-16 19:33:58,0.404166667
2016-10-18 18:37:58,5.071333333
2016-10-18 18:38:58,2.04415
2016-10-18 18:45:58,0.304
2016-10-18 18:51:58,5.728066667
2016-10-18 19:09:58,5.211733333
2016-10-18 19:10:58,0.743266667
2016-10-18 19:16:58,0.491583333
2016-10-18 19:21:58,5.527766667
2016-10-18 19:22:58,1.82475
2016-10-18 19:34:58,5.267766667
2016-10-18 19:35:58,1.516833333
2016-10-18 19:38:58,5.602683333
2016-10-18 19:39:58,1.731283333
2016-10-18 19:42:58,4.58775
2016-10-18 19:48:58,3.87075
2016-10-18 19:55:58,3.673883333
2016-10-18 19:59:58,5.318816667
2016-10-18 20:00:58,0.463383333
2016-10-18 20:05:58,5.618433333
2016-10-18 20:06:58,0.762583333
2016-10-18 20:10:58,5.495316667
2016-10-18 20:11:58,1.9434
2016-10-18 20:16:58,4.788266667
2016-10-18 20:27:58,0.428633333
2016-10-18 20:32:58,5.205316667
2016-10-18 20:38:58,5.494816667
2016-10-18 20:39:58,2.148016667
2016-10-18 20:45:58,4.595216667
2016-10-18 20:47:58,1.20605
2016-10-18 20:49:58,5.125783333
2016-10-18 20:59:58,6.001
2016-10-18 21:00:58,1.76095
2016-10-18 21:04:58,4.8428
2016-10-18 21:14:58,5.4747
2016-10-18 21:22:58,5.6347
2016-10-18 21:23:58,1.9527
2016-10-20 18:34:58,6.3894
2016-10-20 18:35:58,1.162216667
2016-10-20 19:12:58,4.34
2016-10-20 19:22:58,4.431716667
2016-10-20 19:31:58,3.380916667
2016-10-20 19:42:58,3.383583333
2016-10-23 13:57:58,4.268166667
2016-10-24 18:03:58,0.712716667
2016-10-26 21:46:58,2.222316667
2016-10-26 21:49:58,6.174983333
2016-10-26 21:50:58,3.10565
2016-10-26 22:05:58,7.252683333
2016-10-26 22:06:58,1.658366667
2016-10-26 22:18:58,4.391316667
2016-10-26 22:23:58,5.830433333
2016-10-26 22:24:58,2.114266667
2016-10-26 23:56:58,6.747933333
2016-10-26 23:57:58,1.5926
2016-10-27 01:18:58,6.781583333
2016-10-27 01:19:58,1.478216667
2016-10-27 02:23:58,5.683383333
2016-10-27 02:48:58,6.827933333
2016-10-27 02:49:58,1.8113
2016-10-27 02:54:58,0.997083333
2016-10-27 03:13:58,1.305816667
2016-10-27 03:21:58,4.304566667
2016-10-27 03:51:58,5.141916667
2016-10-27 03:52:58,0.962933333
2016-10-27 13:21:58,0.631166667
2016-10-27 13:40:58,4.342533333
2016-10-27 14:08:58,6.807066667
2016-10-27 14:09:58,1.585516667
2016-10-27 14:33:58,5.359416667
2016-10-27 14:34:58,0.639016667
2016-10-27 15:02:58,4.212116667
2016-10-27 15:34:58,6.229833333
2016-10-27 15:35:58,0.969333333
2016-10-27 15:41:58,5.94065
2016-10-27 15:42:58,0.382633333
2016-10-27 15:45:58,3.28535
2016-10-27 15:52:58,1.470116667
2016-10-31 12:11:58,3.568433333
2016-10-31 12:18:58,0.84815
2016-10-31 12:19:58,3.627916667
2016-11-03 21:19:58,6.6661
2016-11-03 21:20:58,0.831166667
2016-11-05 14:10:58,4.80135
2016-11-05 14:12:58,0.720983333
2016-11-05 14:33:58,6.156433333
2016-11-05 14:35:58,0.630916667
2016-11-05 14:39:58,6.390233333
2016-11-05 14:40:58,2.406533333
2016-11-05 15:00:58,4.326016667
2016-11-05 15:02:58,1.205
2016-11-05 15:05:58,6.317266667
2016-11-05 15:07:58,0.5968
2016-11-05 15:24:58,4.5861
2016-11-05 15:26:58,0.704566667
2016-11-05 15:31:58,6.1349
2016-11-05 15:32:58,3.277333333
2016-11-05 15:38:58,5.310983333
2016-11-05 15:40:58,0.962316667
2016-11-05 15:51:58,5.9212
2016-11-05 15:52:58,2.915483333
2016-11-05 15:56:58,5.53515
2016-11-05 15:58:58,1.697466667
2016-11-05 16:09:58,0.919433333
2016-11-05 16:16:58,5.298216667
2016-11-05 16:23:58,8.564883333
2016-11-05 16:24:58,4.5746
2016-11-05 16:31:58,8.448333333
2016-11-05 16:32:58,3.669783333
2016-11-05 16:38:58,9.19955
2016-11-05 16:43:58,8.23795
2016-11-05 16:45:58,2.1279
2016-11-05 18:53:58,1.165083333
2016-11-05 18:59:58,8.611616667
2016-11-05 19:00:58,3.848183333
2016-11-05 19:15:58,1.8955
2016-11-05 19:31:58,6.068716667
2016-11-05 19:46:58,8.028633333
2016-11-05 19:51:58,6.315833333
2016-11-05 19:52:58,1.4692
2016-11-05 20:05:58,7.634933333
2016-11-05 20:06:58,2.602916667
2016-11-05 20:19:58,4.6178
2016-11-06 22:09:58,4.569516667
2016-11-08 21:02:58,0.920733333
2016-11-08 21:57:58,5.332066667
2016-11-08 21:58:58,0.658166667
2016-11-09 22:26:58,6.967216667
2016-11-09 22:27:58,1.377316667
2016-11-11 16:04:58,5.7212
2016-11-11 16:05:58,2.242933333
2016-11-13 13:53:58,3.858633333
2016-11-13 13:59:58,1.214233333
2016-11-14 22:15:58,3.550983333
2016-11-23 04:38:58,3.5382
2016-11-23 04:40:58,0.764033333
2016-11-24 11:47:58,4.357683333
2016-11-24 17:31:58,0.71095
2016-11-25 22:22:58,4.576183333
2016-11-26 23:07:58,5.95225
2016-11-26 23:08:58,3.0647
2016-11-27 15:51:58,6.186266667
2016-11-27 15:52:58,0.943716667
2016-11-27 17:11:58,4.263233333
2016-11-27 17:13:58,0.66925
2016-11-27 17:25:58,5.569983333
2016-11-27 17:26:58,1.866666667
2016-11-27 17:31:58,4.911483333
2016-11-27 17:32:58,2.156966667
2016-11-27 17:40:58,4.6292
2016-11-27 17:42:58,0.6484
2016-11-27 17:50:58,1.354916667
2016-11-27 17:59:58,5.409033333
2016-11-27 18:00:58,0.823183333
2016-11-27 18:06:58,4.26175
2016-11-27 18:13:58,0.824666667
2016-11-27 18:20:58,0.882666667
2016-11-27 19:31:58,5.545533333
2016-11-27 19:48:58,6.443283333
2016-11-27 19:49:58,3.072616667
2016-11-27 20:00:58,5.381033333
2016-11-27 20:02:58,0.851
2016-11-27 20:13:58,5.887966667
2016-11-27 20:14:58,1.40105
2016-11-27 20:16:58,6.005333333
2016-11-27 20:17:58,1.73225
2016-11-27 20:34:58,4.073816667
2016-11-27 20:36:58,1.367733333
2016-11-27 20:40:58,5.874916667
2016-11-27 20:42:58,1.067066667
2016-11-27 20:46:58,6.542083333
2016-11-27 20:47:58,3.042716667
2016-11-27 20:53:58,5.0386
2016-11-27 20:59:58,0.694316667
2016-11-27 21:01:58,5.2594
2016-11-27 21:02:58,1.775466667
2016-11-27 21:07:58,6.697166667
2016-11-27 21:09:58,1.801633333
2016-11-27 21:14:58,2.685766667
2016-11-27 21:18:58,5.14955
2016-11-27 21:19:58,1.272483333
2016-11-27 21:54:58,6.024166667
2016-11-27 21:55:58,1.777033333
2016-11-27 23:53:58,6.257966667
2016-11-27 23:54:58,2.2333
2016-12-05 21:14:58,6.37735
